title,price,rating,image,product_link,description,product_info_json,search_query
"Samsung Galaxy A07 Dual Sim 4GB RAM 128GB Storage Android Smartphone, 6.7-Inch Screen Size, Black- 1 Year Warranty/Local Version","EGP5,280.00",4.2 out of 5 stars,https://m.media-amazon.com/images/G/42/marketing/prime/2022PrimeBrand/Logos/Prime_Logo_RGB_Prime_Blue_MASTER._CB542735200_.png,https://www.amazon.eg/-/en/Samsung-Storage-Smartphone-6-7-Inch-Warranty/dp/B0FR9BJ5KZ/ref=sr_1_1?dib=eyJ2IjoiMSJ9.YIyPBr5FXdqssmfFeah6MQa652UgkVliUUeLTpp_ufv3QzlYG_U3XZG2uuZgWeXduQ_n85ztJDiAZteTbz71M1A_PeKuaGZkkZdOQvhUKFPn55UecvFAzFfLRn_lZIG5UQyNPbn9mY8rFsxi9UqCqMFO_dBhNv6gvoPPmR7RCQw5rkMGEDnB882jI1vBwwu5rMF9kzQJCTcpO2qsXre9voognafByx2Z58MME9QglkJ723rJc6C67gSOvRmU9muDDRHjkRHQ4duUb_LS3MQcptqLNRTaBYzkWupDTSn4-OY.6kt96zCwHMXp8DDLdcWZNedL2BkBxyi5ilOh7BKfL3s&dib_tag=se&keywords=samsung+phone+10000&qid=1766094353&sr=8-1,"Processor: • CPU Speed: 2.2GHz, 2GHz • CPU Type: Octa-Core Display: • Size (Main Display): 171.3mm (6.7"") • Resolution (Main Display): 720 x 1600 (HD+) • Technology (Main Display): PLS LCD • Colour Depth (Main Display): 16M Camera: • Rear Camera Resolution: 50.0 MP + 2.0 MP • Rear Camera F Number: F1.8, F2.4 • Rear Camera Auto Focus: Yes • Rear Camera OIS: No • Rear Camera Zoom: Digital Zoom up to 10x • Front Camera Resolution: 8.0 MP • Front Camera F Number: F2.0 • Front Camera Auto Focus: No • Front Camera OIS: No • Rear Camera Flash: Yes • Front Camera Flash: No • Video Recording Resolution: FHD (1920 x 1080)@30fps • Slow Motion: 120fps @HD Storage/Memory: • Memory (GB): 4 • Storage (GB): 128 • Available Storage (GB): 109.4 • External Storage Support: MicroSD (Up to 2TB) SIM: • Number of SIM: Dual-SIM • SIM size: Nano-SIM (4FF) • SIM Slot Type: SIM 1 + SIM 2 + MicroSD Network/Bearer: • Infra: 2G GSM, 3G WCDMA, 4G LTE FDD, 4G LTE TDD • 2G GSM: GSM850, GSM900, DCS1800 • 3G UMTS: B1(2100), B5(850), B8(900) • 4G FDD LTE: B1(2100), B3(1800), B5(850), B7(2600), B8(900), B20(800), B28(700) • 4G TDD LTE: B38(2600), B40(2300), B41(2500) Connectivity: • USB Interface: USB Type-C • USB Version: USB 2.0 • Location Technology: GPS, Glonass, Beidou, Galileo, QZSS • Earjack: 3.5mm Stereo • MHL: No • Wi-Fi: 802.11a/b/g/n/ac 2.4GHz+5GHz, VHT80 • Wi-Fi Direct: Yes • Bluetooth Version: Bluetooth v5.3 • PC Sync.: Smart Switch (PC version) OS: • Android Physical specification: • Dimension (HxWxD, mm): 167.4 x 77.4 x 7.6 • Weight (g): 184 Battery: • Battery Capacity: 5000 mAh • Removable: No Audio and Video: • Stereo Support: No • Video Playing Format: MP4, M4V, 3GP, 3G2, AVI, FLV, MKV, WEBM • Video Playing Resolution: FHD (1920 x 1080)@60fps • Audio Playing Format: MP3, M4A, 3GA, AAC, OGG, OGA, WAV, AMR, AWB, FLAC, MID, MIDI, XMF, MXMF, IMY, RTTTL, RTX, OTA Sensors: • Accelerometer • Fingerprint Sensor • Light Sensor • Proximity Sensor","{""OS"": ""‎Android 14"", ""Package Dimensions"": ""‎17.7 x 8.5 x 2.9 cm; 250 g"", ""Item model number"": ""‎BSM-A075F/1R4D"", ""Special features"": ""‎Dual SIM"", ""Other display features"": ""‎Wireless"", ""Other camera features"": ""‎Front, Rear"", ""Form factor"": ""‎Slate"", ""Color"": ""‎BLACK"", ""Battery Power Rating"": ""‎5000 Milliamp Hours"", ""Whats in the box"": ""‎USB Cable"", ""Item Weight"": ""‎250 g""}",samsung phone 10000
"Samsung Galaxy A07 Dual Sim 6GB RAM 128GB Storage Android Smartphone, 6.7-Inch Screen Size, Black- 1 Year Warranty/Local Version","EGP6,682.50",4.2 out of 5 stars,https://m.media-amazon.com/images/G/42/marketing/prime/2022PrimeBrand/Logos/Prime_Logo_RGB_Prime_Blue_MASTER._CB542735200_.png,https://www.amazon.eg/-/en/Samsung-Storage-Smartphone-6-7-Inch-Warranty/dp/B0FR9D6F1S/ref=sr_1_7?dib=eyJ2IjoiMSJ9.YIyPBr5FXdqssmfFeah6MQa652UgkVliUUeLTpp_ufv3QzlYG_U3XZG2uuZgWeXduQ_n85ztJDiAZteTbz71M1A_PeKuaGZkkZdOQvhUKFPn55UecvFAzFfLRn_lZIG5UQyNPbn9mY8rFsxi9UqCqMFO_dBhNv6gvoPPmR7RCQw5rkMGEDnB882jI1vBwwu5rMF9kzQJCTcpO2qsXre9voognafByx2Z58MME9QglkJ723rJc6C67gSOvRmU9muDDRHjkRHQ4duUb_LS3MQcptqLNRTaBYzkWupDTSn4-OY.6kt96zCwHMXp8DDLdcWZNedL2BkBxyi5ilOh7BKfL3s&dib_tag=se&keywords=samsung+phone+10000&qid=1766094353&sr=8-7,"Processor: • CPU Speed: 2.2GHz, 2GHz • CPU Type: Octa-Core Display: • Size (Main Display): 171.3mm (6.7"") • Resolution (Main Display): 720 x 1600 (HD+) • Technology (Main Display): PLS LCD • Colour Depth (Main Display): 16M Camera: • Rear Camera - Resolution (Multiple): 50.0 MP + 2.0 MP • Rear Camera - F Number (Multiple): F1.8, F2.4 • Rear Camera - Auto Focus: Yes • Rear Camera - OIS: No • Rear Camera Zoom: Digital Zoom up to 10x • Front Camera - Resolution: 8.0 MP • Front Camera - F Number: F2.0 • Front Camera - Auto Focus: No • Front Camera - OIS: No • Rear Camera - Flash: Yes • Front Camera - Flash: No • Video Recording Resolution: FHD (1920 x 1080)@30fps • Slow Motion: 120fps @HD Storage/Memory: • Memory (GB): 6 • Storage (GB): 128 • Available Storage (GB): 109.4 • External Storage Support: MicroSD (Up to 2TB) SIM: • Number of SIM: Dual-SIM • SIM size: Nano-SIM (4FF) • SIM Slot Type: SIM 1 + SIM 2 + MicroSD Network/Bearer: • Infra: 2G GSM, 3G WCDMA, 4G LTE FDD, 4G LTE TDD • 2G GSM: GSM850, GSM900, DCS1800 • 3G UMTS: B1(2100), B5(850), B8(900) • 4G FDD LTE: B1(2100), B3(1800), B5(850), B7(2600), B8(900), B20(800), B28(700) • 4G TDD LTE: B38(2600), B40(2300), B41(2500) Connectivity: • USB Interface: USB Type-C • USB Version: USB 2.0 • Location Technology: GPS, Glonass, Beidou, Galileo, QZSS • Earjack: 3.5mm Stereo • MHL: No • Wi-Fi: 802.11a/b/g/n/ac 2.4GHz+5GHz, VHT80 • Wi-Fi Direct: Yes • Bluetooth Version: Bluetooth v5.3 • PC Sync.: Smart Switch (PC version) OS: • Android General Information: • Form Factor: Touch Bar Sensors: • Accelerometer • Fingerprint Sensor • Light Sensor • Proximity Sensor Physical specification: • Dimension (HxWxD, mm): 167.4 x 77.4 x 7.6 • Weight (g): 184 Battery: • Battery Capacity (mAh, Typical): 5000 • Removable: No Audio and Video: • Stereo Support: No • Video Playing Format: MP4, M4V, 3GP, 3G2, AVI, FLV, MKV, WEBM • Video Playing Resolution: FHD (1920 x 1080)@60fps • Audio Playing Format: MP3, M4A, 3GA, AAC, OGG, OGA, WAV, AMR, AWB, FLAC, MID, MIDI, XMF, MXMF, IMY, RTTTL, RTX, OTA","{""OS"": ""‎Android 14"", ""Package Dimensions"": ""‎17.8 x 8.8 x 2.9 cm; 250 g"", ""Item model number"": ""‎BSM-A075F/1R6D"", ""Special features"": ""‎Dual SIM"", ""Other display features"": ""‎Wireless"", ""Other camera features"": ""‎Front, Rear"", ""Form factor"": ""‎Slate"", ""Color"": ""‎BLACK"", ""Battery Power Rating"": ""‎5000 Milliamp Hours"", ""Whats in the box"": ""‎USB Cable"", ""Item Weight"": ""‎250 g""}",samsung phone 10000
"Samsung Galaxy M55 5G, Android Smartphone, Dual SIM Mobile Phone, 8GB RAM, 128GB Storage, Black 1 Year Warranty/Local Version","EGP11,999.00",4.1 out of 5 stars,https://m.media-amazon.com/images/G/42/marketing/prime/2022PrimeBrand/Logos/Prime_Logo_RGB_Prime_Blue_MASTER._CB542735200_.png,https://www.amazon.eg/-/en/Samsung-Android-Smartphone-Storage-Warranty/dp/B0DNMMSRT2/ref=sr_1_14?dib=eyJ2IjoiMSJ9.YIyPBr5FXdqssmfFeah6MQa652UgkVliUUeLTpp_ufv3QzlYG_U3XZG2uuZgWeXduQ_n85ztJDiAZteTbz71M1A_PeKuaGZkkZdOQvhUKFPn55UecvFAzFfLRn_lZIG5UQyNPbn9mY8rFsxi9UqCqMFO_dBhNv6gvoPPmR7RCQw5rkMGEDnB882jI1vBwwu5rMF9kzQJCTcpO2qsXre9voognafByx2Z58MME9QglkJ723rJc6C67gSOvRmU9muDDRHjkRHQ4duUb_LS3MQcptqLNRTaBYzkWupDTSn4-OY.6kt96zCwHMXp8DDLdcWZNedL2BkBxyi5ilOh7BKfL3s&dib_tag=se&keywords=samsung+phone+10000&qid=1766094353&sr=8-14,"1x2.4 GHz Cortex-A710 | 3x2.36 GHz Cortex-A710 | 4x1.8 GHz Cortex-A510 • GPU: Adreno 644 | 128GB 8GB RAM | 50 MP, f/1.8, (wide), 1/1.56"", 1.0µm, PDAF, OIS | 8 MP, f/2.2, 123˚ (ultrawide) | 2 MP, f/2.4, (macro) • Features: LED flash, panorama, HDR • Video: 4K@30fps, 1080p@30/60fps, gyro-EIS, OIS | Fingerprint (under display, optical) | Accelerometer | Gyro | Proximity | Compass","{""OS"": ""‎Android"", ""Package Dimensions"": ""‎18.1 x 9.6 x 5.4 cm; 180 g"", ""Item model number"": ""‎SM-M556BZKVEGY"", ""Connectivity technologies"": ""‎5G, LTE"", ""GPS"": ""‎True"", ""Other display features"": ""‎Wireless"", ""Scanner Resolution"": ""‎1080 x 2400"", ""Audio Jack"": ""‎USB Type C"", ""Form factor"": ""‎Slate"", ""Color"": ""‎Black"", ""Battery Power Rating"": ""‎5000"", ""Whats in the box"": ""‎Data Cable, Ejection Pin, Quick Start Guide"", ""Item Weight"": ""‎180 g""}",samsung phone 10000
"Samsung Galaxy A56 5G, Android Smartphone, 256GB Storage, 8GB RAM, Awesome Lightgray, 6x OS Upgrades, Large Display, Long Battery Life 1 Year Warranty/Local Version","EGP20,199.00",4.5 out of 5 stars,https://m.media-amazon.com/images/G/42/marketing/prime/2022PrimeBrand/Logos/Prime_Logo_RGB_Prime_Blue_MASTER._CB542735200_.png,https://www.amazon.eg/-/en/Samsung-Smartphone-Lightgray-Upgrades-Warranty/dp/B0DZHNZ1L2/ref=sr_1_5?dib=eyJ2IjoiMSJ9.YIyPBr5FXdqssmfFeah6MQa652UgkVliUUeLTpp_ufv3QzlYG_U3XZG2uuZgWeXduQ_n85ztJDiAZteTbz71M1A_PeKuaGZkkZdOQvhUKFPn55UecvFAzFfLRn_lZIG5UQyNPbn9mY8rFsxi9UqCqMFO_dBhNv6gvoPPmR7RCQw5rkMGEDnB882jI1vBwwu5rMF9kzQJCTcpO2qsXre9voognafByx2Z58MME9QglkJ723rJc6C67gSOvRmU9muDDRHjkRHQ4duUb_LS3MQcptqLNRTaBYzkWupDTSn4-OY.6kt96zCwHMXp8DDLdcWZNedL2BkBxyi5ilOh7BKfL3s&dib_tag=se&keywords=samsung+phone+10000&qid=1766094353&sr=8-5,"Network: GSM / HSPA / LTE / 5G | Dimensions: 162.2 x 77.5 x 7.4 mm | Weight: 198 g | Build: Glass front/back (Gorilla Glass Victus+), aluminum frame | SIM: Dual Nano-SIM + dual eSIM (max 2 at a time) | IP67 dust/water resistant | Type: Super AMOLED, 120Hz, HDR10+ | Brightness: 1200 nits (HBM), 1900 nits (peak) | Size: 6.7 inches (~87.7% screen-to-body ratio) | Resolution: 1080 x 2340 pixels (385 ppi) | Protection: Gorilla Glass Victus+ | Always-on display | OS: Android 15, One UI 7 | Chipset: Exynos 1580 (4 nm) | CPU: Octa-core (1x2.9GHz, 3x2.6GHz, 4x1.9GHz) | GPU: Xclipse 540 | No card slot | 256GB storage, 8GB RAM | UFS 3.1 storage | Main: • 50 MP wide (f/1.8, OIS) • 12 MP ultrawide (f/2.2, 123˚) • 5 MP macro (f/2.4) • Features: Best Face, LED flash, panorama, HDR • Video: 4K@30fps, 1080p@30/60fps | Selfie: • 12 MP wide (f/2.2) • Video: 4K@30fps, 1080p@30/60fps, 10-bit HDR | Sound: Stereo speakers, no 3.5mm jack | Connectivity: Wi-Fi 6, Bluetooth 5.3, GPS | Sensors: Under-display fingerprint, accelerometer, gyro, compass | NFC: Yes (market dependent) | USB: Type-C 2.0, OTG | Capacity: 5000 mAh | Charging: 45W wired • 65% in 30 min • 100% in 68 min","{""OS"": ""‎Android"", ""Package Dimensions"": ""‎17.9 x 9.2 x 2.9 cm; 310 g"", ""Batteries"": ""‎1 12V batteries required. (included)"", ""Item model number"": ""‎SM-A566BW"", ""Connectivity technologies"": ""‎5G"", ""GPS"": ""‎True"", ""Other display features"": ""‎Wireless"", ""Scanner Resolution"": ""‎1080 x 2340"", ""Audio Jack"": ""‎No 3.5mm jack"", ""Form factor"": ""‎Slate"", ""Color"": ""‎GRAY"", ""Battery Power Rating"": ""‎5000"", ""Phone Talk Time"": ""‎29 Hours"", ""Whats in the box"": ""‎Samsung Galaxy A56 5G, USB Type-C Cable, Sim Ejection Pin, User Manual"", ""Item Weight"": ""‎310 g""}",samsung phone 10000
"Samsung Galaxy A56 5G, Android Smartphone, 256GB Storage, 12GB RAM, Awesome Lightgray, 6x OS Upgrades, Large Display, Long Battery Life 1 Year Warranty/Local Version","EGP22,660.00",4.5 out of 5 stars,https://m.media-amazon.com/images/G/42/marketing/prime/2022PrimeBrand/Logos/Prime_Logo_RGB_Prime_Blue_MASTER._CB542735200_.png,https://www.amazon.eg/-/en/Samsung-Smartphone-Lightgray-Upgrades-Warranty/dp/B0DZHMVV91/ref=sr_1_6?dib=eyJ2IjoiMSJ9.YIyPBr5FXdqssmfFeah6MQa652UgkVliUUeLTpp_ufv3QzlYG_U3XZG2uuZgWeXduQ_n85ztJDiAZteTbz71M1A_PeKuaGZkkZdOQvhUKFPn55UecvFAzFfLRn_lZIG5UQyNPbn9mY8rFsxi9UqCqMFO_dBhNv6gvoPPmR7RCQw5rkMGEDnB882jI1vBwwu5rMF9kzQJCTcpO2qsXre9voognafByx2Z58MME9QglkJ723rJc6C67gSOvRmU9muDDRHjkRHQ4duUb_LS3MQcptqLNRTaBYzkWupDTSn4-OY.6kt96zCwHMXp8DDLdcWZNedL2BkBxyi5ilOh7BKfL3s&dib_tag=se&keywords=samsung+phone+10000&qid=1766094353&sr=8-6,"Network: GSM / HSPA / LTE / 5G | Dimensions: 162.2 x 77.5 x 7.4 mm | Weight: 198 g | Build: Glass front/back (Gorilla Glass Victus+), aluminum frame | SIM: Dual Nano-SIM + dual eSIM (max 2 at a time) | IP67 dust/water resistant | Type: Super AMOLED, 120Hz, HDR10+ | Brightness: 1200 nits (HBM), 1900 nits (peak) | Size: 6.7 inches (~87.7% screen-to-body ratio) | Resolution: 1080 x 2340 pixels (385 ppi) | Protection: Gorilla Glass Victus+ | Always-on display | OS: Android 15, One UI 7 | Chipset: Exynos 1580 (4 nm) | CPU: Octa-core (1x2.9GHz, 3x2.6GHz, 4x1.9GHz) | GPU: Xclipse 540 | No card slot | 256GB storage, 12GB RAM | UFS 3.1 storage | 50 MP wide (f/1.8, OIS) | 12 MP ultrawide (f/2.2, 123˚) | 5 MP macro (f/2.4) | Features: Best Face, LED flash, panorama, HDR | Video: 4K@30fps, 1080p@30/60fps | 12 MP wide (f/2.2) | Video: 4K@30fps, 1080p@30/60fps, 10-bit HDR | Sound: Stereo speakers, no 3.5mm jack | Connectivity: Wi-Fi 6, Bluetooth 5.3, GPS | Sensors: Under-display fingerprint, accelerometer, gyro, compass | NFC: Yes (market dependent) | USB: Type-C 2.0, OTG | Capacity: 5000 mAh | Charging: 45W wired 65% in 30 min 100% in 68 min | 65% in 30 min | 100% in 68 min","{""OS"": ""‎android"", ""Package Dimensions"": ""‎17.7 x 9.4 x 2.7 cm; 310 g"", ""Item model number"": ""‎SM-A566BY"", ""Connectivity technologies"": ""‎GSM, HSPA, LTE, 5G"", ""GPS"": ""‎True"", ""Other display features"": ""‎Wireless"", ""Scanner Resolution"": ""‎1920 x 1080"", ""Other camera features"": ""‎Front"", ""Audio Jack"": ""‎3.5 mm"", ""Form factor"": ""‎Bar"", ""Color"": ""‎GRAY"", ""Battery Power Rating"": ""‎5000"", ""Phone Talk Time"": ""‎34 Hours"", ""Whats in the box"": ""‎Samsung Galaxy A56 5G, USB Type-C Cable, Sim Ejection Pin, User Manual"", ""Item Weight"": ""‎310 g""}",samsung phone 10000
"Motorola Moto g35 5G 8GB RAM 256GB UFS 2.2 Android 14 LCD Smartphone, Midnight Black (Pack include charger and cover) 2 Years Warranty","EGP6,999.00",3.8 out of 5 stars,https://m.media-amazon.com/images/G/42/marketing/prime/2022PrimeBrand/Logos/Prime_Logo_RGB_Prime_Blue_MASTER._CB542735200_.png,https://www.amazon.eg/-/en/Motorola-Android-Smartphone-Midnight-Warranty/dp/B0DLTCZZ41/ref=sr_1_12?dib=eyJ2IjoiMSJ9.YIyPBr5FXdqssmfFeah6MQa652UgkVliUUeLTpp_ufv3QzlYG_U3XZG2uuZgWeXduQ_n85ztJDiAZteTbz71M1A_PeKuaGZkkZdOQvhUKFPn55UecvFAzFfLRn_lZIG5UQyNPbn9mY8rFsxi9UqCqMFO_dBhNv6gvoPPmR7RCQw5rkMGEDnB882jI1vBwwu5rMF9kzQJCTcpO2qsXre9voognafByx2Z58MME9QglkJ723rJc6C67gSOvRmU9muDDRHjkRHQ4duUb_LS3MQcptqLNRTaBYzkWupDTSn4-OY.6kt96zCwHMXp8DDLdcWZNedL2BkBxyi5ilOh7BKfL3s&dib_tag=se&keywords=samsung+phone+10000&qid=1766094353&sr=8-12,"Your entertainment takes center stage with moto g35 5G. Feel the magic of your favorite content on a big, bright 6.72"" Full HD+ display. Surround yourself with rich, immersive audio from large stereo speakers and Dolby Atmos® for the ultimate entertainment experience. Capture stunning photos with a 50MP Quad Pixel camera or 8MP ultrawide lens, and enjoy the premium feel of vegan leather. moto g35 5G is designed for unforgettable experiences.","{""OS"": ""‎Android 14"", ""Product Dimensions"": ""‎16.6 x 7.6 x 0.77 cm; 192 g"", ""Batteries"": ""‎1 Nonstandard Battery batteries required. (included)"", ""Item model number"": ""‎0840023275074"", ""Connectivity technologies"": ""‎4G"", ""GPS"": ""‎True"", ""Special features"": ""‎Dual SIM, Fast Charging Support, Stereo Speakers, Water Resistant"", ""Other display features"": ""‎Wireless"", ""Scanner Resolution"": ""‎2400 x 1080"", ""Other camera features"": ""‎Front, Rear"", ""Audio Jack"": ""‎3.5 mm"", ""Form factor"": ""‎Bar"", ""Color"": ""‎Midnight Black"", ""Battery Power Rating"": ""‎5000"", ""Whats in the box"": ""‎USB Cable"", ""Item Weight"": ""‎192 g""}",samsung phone 10000
"Samsung Galaxy S25 Ultra AI Phone, 256GB Storage, 12GB RAM, Titanium Black, Android Smartphone, 200MP Camera, S Pen, Long Battery Life 1 Year Warranty/Local Version","EGP60,650.00",4.2 out of 5 stars,https://m.media-amazon.com/images/G/42/marketing/prime/2022PrimeBrand/Logos/Prime_Logo_RGB_Prime_Blue_MASTER._CB542735200_.png,https://www.amazon.eg/-/en/Samsung-Storage-Titanium-Smartphone-Warranty/dp/B0DSLS4MN7/ref=sr_1_15?dib=eyJ2IjoiMSJ9.YIyPBr5FXdqssmfFeah6MQa652UgkVliUUeLTpp_ufv3QzlYG_U3XZG2uuZgWeXduQ_n85ztJDiAZteTbz71M1A_PeKuaGZkkZdOQvhUKFPn55UecvFAzFfLRn_lZIG5UQyNPbn9mY8rFsxi9UqCqMFO_dBhNv6gvoPPmR7RCQw5rkMGEDnB882jI1vBwwu5rMF9kzQJCTcpO2qsXre9voognafByx2Z58MME9QglkJ723rJc6C67gSOvRmU9muDDRHjkRHQ4duUb_LS3MQcptqLNRTaBYzkWupDTSn4-OY.6kt96zCwHMXp8DDLdcWZNedL2BkBxyi5ilOh7BKfL3s&dib_tag=se&keywords=samsung+phone+10000&qid=1766094353&sr=8-15,"Samsung Galaxy S25 Ultra AI Phone: Network Technology: GSM / UMTS / LTE / 5G 2G, 3G, 4G, and 5G band support (detailed bands listed) Body: Dimensions: 162.8 x 77.6 x 8.2 mm Weight: 218 g Color: Titanium Black S Pen Support: Yes Display: Type: Dynamic AMOLED 2X Size: 6.9"" (174.2mm full rectangle / 172.2mm rounded corners) Resolution: 3120 x 1440 (Quad HD+) Color Depth: 16M colors Platform: OS: Android CPU: Octa-Core (4.47GHz, 3.5GHz) Storage: 256GB (226.5GB available) RAM: 12GB Main Camera: Quad: 200MP + 50MP + 50MP + 10MP Features: LED Flash, Auto Focus, OIS F-numbers: F1.7, F3.4, F1.9, F2.4 Zoom: 3x and 5x Optical, 2x and 10x Optical quality, 100x Digital Video: 8K@30fps, Slow Motion 240fps@FHD Selfie Camera: 12MP F2.2 Auto Focus Video: 8K recording capability Connectivity: Wi-Fi: 802.11 a/b/g/n/ac/ax/be (2.4GHz+5GHz+6GHz) Bluetooth: 5.4 USB: Type-C 3.2 Gen 1 NFC: Yes GPS: GPS, Glonass, Beidou, Galileo Features: Sensors: Accelerometer, Barometer, Fingerprint, Gyro, Geomagnetic, Hall, Light, Proximity Samsung DeX support Compatible with Galaxy ecosystem devices Battery: Capacity: 5000 mAh Non-removable Audio and Video: Audio Formats: MP3, M4A, 3GA, AAC, OGG, OGA, WAV, AMR, AWB, FLAC, MID, MIDI, XMF, MXMF, IMY, RTTTL, RTX, OTA, DFF, DSF, APE Video Formats: MP4, M4V, 3GP, 3G2, AVI, FLV, MKV, WEBM Video Resolution: UHD 8K (7680 x 4320)@60fps Stereo Support: Yes Additional Features: Touch Bar Mobile TV: No NFC: Yes","{""OS"": ""‎Android"", ""Package Dimensions"": ""‎18.3 x 9.4 x 2.9 cm; 360 g"", ""Batteries"": ""‎1 9V batteries required."", ""Item model number"": ""‎SM-S938BZKIMEA"", ""Connectivity technologies"": ""‎GSM, UMTS, LTE, 5G"", ""GPS"": ""‎True"", ""Other display features"": ""‎Wireless"", ""Scanner Resolution"": ""‎3120 x 1440"", ""Audio Jack"": ""‎3.5 mm"", ""Form factor"": ""‎Slate"", ""Color"": ""‎TITANIUM BLACK"", ""Battery Power Rating"": ""‎5000"", ""Phone Talk Time"": ""‎40 Hours"", ""Whats in the box"": ""‎Samsung Galaxy S25 Ultra, USB Type-C Cable, Sim Ejection Pin, User Manual"", ""Item Weight"": ""‎360 g""}",samsung phone 10000
"SAMSUNG Mobile Phone Galaxy M55 5G Black 8GB RAM 128GB, Domestic with Warranty","EGP14,444.00",4.5 out of 5 stars,https://m.media-amazon.com/images/G/42/marketing/prime/2022PrimeBrand/Logos/Prime_Logo_RGB_Prime_Blue_MASTER._CB542735200_.png,https://www.amazon.eg/-/en/SAMSUNG-Mobile-Galaxy-Domestic-Warranty/dp/B0CYMSBMDF/ref=sr_1_13?dib=eyJ2IjoiMSJ9.YIyPBr5FXdqssmfFeah6MQa652UgkVliUUeLTpp_ufv3QzlYG_U3XZG2uuZgWeXduQ_n85ztJDiAZteTbz71M1A_PeKuaGZkkZdOQvhUKFPn55UecvFAzFfLRn_lZIG5UQyNPbn9mY8rFsxi9UqCqMFO_dBhNv6gvoPPmR7RCQw5rkMGEDnB882jI1vBwwu5rMF9kzQJCTcpO2qsXre9voognafByx2Z58MME9QglkJ723rJc6C67gSOvRmU9muDDRHjkRHQ4duUb_LS3MQcptqLNRTaBYzkWupDTSn4-OY.6kt96zCwHMXp8DDLdcWZNedL2BkBxyi5ilOh7BKfL3s&dib_tag=se&keywords=samsung+phone+10000&qid=1766094353&sr=8-13,Samsung Galaxy M55 5G Black RAM 4GB 128GB,{},samsung phone 10000
"Samsung Galaxy A17 LTE, Android Smartphone, 256GB Storage, 8GB RAM, Black, 6x OS Upgrades, Large Display, 50MP OIS Camera- 1 Year Warranty/Local Version","EGP9,776.99",4.3 out of 5 stars,https://m.media-amazon.com/images/G/42/marketing/prime/2022PrimeBrand/Logos/Prime_Logo_RGB_Prime_Blue_MASTER._CB542735200_.png,https://www.amazon.eg/-/en/Samsung-Android-Smartphone-Upgrades-Warranty/dp/B0FNCZKDS2/ref=sr_1_2?dib=eyJ2IjoiMSJ9.YIyPBr5FXdqssmfFeah6MQa652UgkVliUUeLTpp_ufv3QzlYG_U3XZG2uuZgWeXduQ_n85ztJDiAZteTbz71M1A_PeKuaGZkkZdOQvhUKFPn55UecvFAzFfLRn_lZIG5UQyNPbn9mY8rFsxi9UqCqMFO_dBhNv6gvoPPmR7RCQw5rkMGEDnB882jI1vBwwu5rMF9kzQJCTcpO2qsXre9voognafByx2Z58MME9QglkJ723rJc6C67gSOvRmU9muDDRHjkRHQ4duUb_LS3MQcptqLNRTaBYzkWupDTSn4-OY.6kt96zCwHMXp8DDLdcWZNedL2BkBxyi5ilOh7BKfL3s&dib_tag=se&keywords=samsung+phone+10000&qid=1766094353&sr=8-2,"1. Gemini is a trademark of Google LLC. Results for illustrative purposes. Gemini Live feature requires internet connection and Google Account login. Service availability may vary by country, language, device model. Features may differ depending on subscription and results may vary. Compatible with certain features and certain accounts. Currently, you can use a personal Google Account that you manage on your own, or a work or school account for which your administrator has enabled access to Gemini. You must be 13 (or the applicable age in your country) or over to use Gemini with a personal or school Google Account and 18 or over to use Gemini with a work account. 2.Color availability may vary by country, region or carrier. 3.Image simulated for illustrative purposes. 4.Results may vary depending on shooting conditions including multiple subjects, being out of focus, or moving subjects. 5.'2.5× brighter' refers to low-light photo performance compared to the previous model. 6.Galaxy A17 will be supported with six generations of OS upgrades and six years of security updates from the first global launch date. 7.Image simulated for illustrative purposes. 8.The OS upgrade and security update policies specified above are subject to change. 9.Actual product may differ from the image shown. 10.Images simulated for illustrative purposes. 11.Measured diagonally, the screen size is 6.7"" in the full rectangle and 6.5"" accounting for the rounded corners. Actual viewable area is less due to the rounded corners and the camera cutout.","{""OS"": ""‎Android"", ""Package Dimensions"": ""‎17.3 x 8.5 x 2.7 cm; 260 g"", ""Item model number"": ""‎SM-A175FO"", ""Connectivity technologies"": ""‎4G"", ""GPS"": ""‎True"", ""Other display features"": ""‎Wireless"", ""Scanner Resolution"": ""‎2340 x 1080"", ""Audio Jack"": ""‎No headphone jack"", ""Form factor"": ""‎Bar"", ""Color"": ""‎BLACK"", ""Battery Power Rating"": ""‎5000"", ""Whats in the box"": ""‎Samsung Galaxy A17, USB Type-C Cable, Sim Ejection Pin, User Manual"", ""Item Weight"": ""‎260 g""}",samsung phone 10000
"Samsung Galaxy A55 5G, Android Smartphone, Dual SIM Mobile Phone, 8GB RAM, 128GB Storage, Awesome Lemon -1 Year Warranty/Local Version, Tax Paid","EGP16,127.48",3.9 out of 5 stars,https://m.media-amazon.com/images/I/71Azxw1VWeL._AC_SX300_SY300_QL70_ML2_.jpg,https://www.amazon.eg/-/en/Samsung-Android-Smartphone-Storage-Warranty/dp/B0CX95YDYS/ref=sr_1_10?dib=eyJ2IjoiMSJ9.YIyPBr5FXdqssmfFeah6MQa652UgkVliUUeLTpp_ufv3QzlYG_U3XZG2uuZgWeXduQ_n85ztJDiAZteTbz71M1A_PeKuaGZkkZdOQvhUKFPn55UecvFAzFfLRn_lZIG5UQyNPbn9mY8rFsxi9UqCqMFO_dBhNv6gvoPPmR7RCQw5rkMGEDnB882jI1vBwwu5rMF9kzQJCTcpO2qsXre9voognafByx2Z58MME9QglkJ723rJc6C67gSOvRmU9muDDRHjkRHQ4duUb_LS3MQcptqLNRTaBYzkWupDTSn4-OY.6kt96zCwHMXp8DDLdcWZNedL2BkBxyi5ilOh7BKfL3s&dib_tag=se&keywords=samsung+phone+10000&qid=1766094353&sr=8-10,"Weight (g): 213 | CPU Speed: 2.75GHz, 2GHz | CPU Speed: 2.75GHz, 2GHz | CPU Type: Octa-Core | Size (Main Display): 168.3mm (6.6"" full rectangle) / 163.7mm (6.4"" rounded corners) | Resolution (Main Display): 1080 x 2340 (FHD+) | Technology (Main Display): Super AMOLED | Colour Depth (Main Display): 16M | Max Refresh Rate (Main Display): 120 Hz | Rear Camera - Resolution (Multiple): 50.0 MP + 12.0 MP + 5.0 MP | Rear Camera - F Number (Multiple): F1.8 , F2.2 , F2.4 | Rear Camera - Auto Focus: Yes | Rear Camera - OIS: Yes | Rear Camera Zoom: Digital Zoom up to 10x | Front Camera - Resolution: 32.0 MP | Front Camera - F Number: F2.2 | Front Camera - Auto Focus: No | Front Camera - OIS: No | Rear Camera - Flash: Yes | Front Camera - Flash: No | Video Recording Resolution: UHD 4K (3840 x 2160) @30fps | Slow Motion: 240fps @HD | Memory (GB): 8 | Storage (GB): 128 | Available Storage (GB): 109.5 | External Storage Support: MicroSD (Up to 1TB) | Number of SIM: Dual-SIM | SIM size: Nano-SIM (4FF), Embedded-SIM | SIM Slot Type: SIM 1 + Hybrid (SIM or MicroSD) or Embedded SIM | Infra: 2G GSM, 3G WCDMA, 4G LTE FDD, 4G LTE TDD, 5G Sub6 FDD, 5G Sub6 TDD | USB Interface: USB Type-C | USB Version: USB 2.0 | Location Technology: GPS, Glonass, Beidou, Galileo, QZSS | Earjack: USB Type-C | Wi-Fi: 802.11a/b/g/n/ac/ax 2.4GHz+5GHz, HE80, MIMO, 1024-QAM | Wi-Fi Direct: Yes | Bluetooth Version: Bluetooth v5.3 | NFC: Yes | PC Sync.: Smart Switch (PC version) | Form Factor: Touchscreen Bar | Sensors: Accelerometer, Fingerprint Sensor, Gyro Sensor, Geomagnetic Sensor, Hall Sensor, Light Sensor, Virtual Proximity Sensing | Dimension (HxWxD, mm): 161.1 x 77.4 x 8.2 | Weight (g): 213 | Internet Usage Time (LTE) (Hours): Up to 25 | Internet Usage Time (Wi-Fi) (Hours): Up to 24 | Video Playback Time (Hours, Wireless): Up to 28 | Battery Capacity (mAh, Typical): 5000 | Removable: No | Audio Playback Time (Hours, Wireless): Up to 79 | Stereo Support: Yes | Video Playing Format: MP4, M4V, 3GP, 3G2, AVI, FLV, MKV, WEBM | Video Playing Resolution: UHD 4K (3840 x 2160)@30fps | Audio Playing Format: MP3, M4A, 3GA, AAC, OGG, OGA, WAV, AMR, AWB, FLAC, MID, MIDI, XMF, MXMF, IMY, RTTTL, RTX, OTA | Gear Support: Galaxy Buds2 Pro, Galaxy Buds Pro, Galaxy Buds Live, Galaxy Buds+, Galaxy Buds2, Galaxy Buds, Galaxy Buds FE, Galaxy Fit3, Galaxy Fit2, Galaxy Fit e, Galaxy Fit, Galaxy Watch6, Galaxy Watch5, Galaxy Watch4, Galaxy Watch3, Galaxy Watch, Galaxy Watch Active2, Galaxy Watch Active | SmartThings Support: Yes | Mobile TV: No","{""OS"": ""‎Android 11.0"", ""RAM"": ""‎8 GB"", ""Package Dimensions"": ""‎17.7 x 9.4 x 2.7 cm; 163 g"", ""Item model number"": ""‎SM-A556EV"", ""Wireless communication technologies"": ""‎Cellular"", ""Connectivity technologies"": ""‎Bluetooth, Wi-Fi"", ""GPS"": ""‎True"", ""Special features"": ""‎Octa Core Processor"", ""Other display features"": ""‎Wireless"", ""Human interface input"": ""‎Touch Pad"", ""Scanner Resolution"": ""‎2340 x 1080"", ""Other camera features"": ""‎Front, Rear"", ""Audio Jack"": ""‎USB Type C"", ""Form factor"": ""‎Bar"", ""Color"": ""‎Awesome Lemon"", ""Battery Power Rating"": ""‎5000"", ""Phone Talk Time"": ""‎25 Hours"", ""Whats in the box"": ""‎Kickstand"", ""Item Weight"": ""‎163 g""}",samsung phone 10000
"Samsung Galaxy A36 5G, Android Smartphone, 256GB Storage, 8GB RAM, Black, 6x OS Upgrades, Large Display, Octa-Core Processor 1 Year Warranty/Local Version","EGP16,199.00",4.4 out of 5 stars,https://m.media-amazon.com/images/G/42/marketing/prime/2022PrimeBrand/Logos/Prime_Logo_RGB_Prime_Blue_MASTER._CB542735200_.png,https://www.amazon.eg/-/en/Samsung-Smartphone-Upgrades-Octa-Core-Processor/dp/B0DZHNWVV6/ref=sr_1_8?dib=eyJ2IjoiMSJ9.YIyPBr5FXdqssmfFeah6MQa652UgkVliUUeLTpp_ufv3QzlYG_U3XZG2uuZgWeXduQ_n85ztJDiAZteTbz71M1A_PeKuaGZkkZdOQvhUKFPn55UecvFAzFfLRn_lZIG5UQyNPbn9mY8rFsxi9UqCqMFO_dBhNv6gvoPPmR7RCQw5rkMGEDnB882jI1vBwwu5rMF9kzQJCTcpO2qsXre9voognafByx2Z58MME9QglkJ723rJc6C67gSOvRmU9muDDRHjkRHQ4duUb_LS3MQcptqLNRTaBYzkWupDTSn4-OY.6kt96zCwHMXp8DDLdcWZNedL2BkBxyi5ilOh7BKfL3s&dib_tag=se&keywords=samsung+phone+10000&qid=1766094353&sr=8-8,"GSM / WCDMA / LTE / 5G | 2G, 3G, 4G, and 5G band support (detailed bands listed) | Dual SIM (Nano-SIM, eSIM) | Dimensions: 162.9 x 78.2 x 7.4 mm | Weight: 195 g | Form Factor: Touchscreen Bar | Type: Super AMOLED | Size: 6.7"" (170.1mm full rectangle / 165.5mm rounded corners) | Resolution: 1080 x 2340 (FHD+) | Color Depth: 16M colors | Refresh Rate: 120 Hz | OS: Android | CPU: Octa-Core (2.4GHz, 1.8GHz) | Storage: 256GB (233.2GB available) | RAM: 8GB | Triple: 50MP + 8MP + 5MP | Features: LED Flash, Auto Focus, OIS | F-numbers: F1.8, F2.2, F2.4 | Zoom: Digital Zoom up to 10x | Video: UHD 4K (3840 x 2160)@30fps, Slow Motion 240fps@HD | 12MP | F2.2 | No Auto Focus | No OIS | No Flash | Wi-Fi: 802.11 a/b/g/n/ac/ax (2.4GHz + 5GHz), HE80, MIMO | Bluetooth: 5.4 | USB: Type-C 2.0 | GPS: GPS, Glonass, Beidou, Galileo, QZSS | Sensors: Accelerometer, Fingerprint, Gyro, Geomagnetic, Light, Virtual Proximity | SmartThings Support | Security Updates until March 31, 2031 | Bluetooth Hearing Aid Support (ASHA) | Capacity: 5000 mAh | Non-removable | Video Playback: Up to 29 hours | Audio Formats: MP3, M4A, 3GA, AAC, OGG, OGA, WAV, AMR, AWB, FLAC, MID, MIDI, XMF, MXMF, IMY, RTTTL, RTX, OTA | Video Formats: MP4, M4V, 3GP, 3G2, AVI, FLV, MKV, WEBM | Video Resolution: UHD 4K (3840 x 2160)@30fps | Stereo Support: Yes | Wi-Fi Direct: Yes | Samsung DeX Support: No | Mobile TV: No | MHL: No","{""OS"": ""‎Android"", ""Package Dimensions"": ""‎17.8 x 9.3 x 2.7 cm; 310 g"", ""Batteries"": ""‎1 C batteries required. (included)"", ""Item model number"": ""‎SM-A366BV"", ""Connectivity technologies"": ""‎5G"", ""GPS"": ""‎True"", ""Other display features"": ""‎Wireless"", ""Scanner Resolution"": ""‎1080 x 2340"", ""Audio Jack"": ""‎USB Type-C"", ""Form factor"": ""‎Smartphone"", ""Color"": ""‎Black"", ""Phone Talk Time"": ""‎29 Hours"", ""Item Weight"": ""‎310 g""}",samsung phone 10000
"Samsung Galaxy A07 Dual Sim 6GB RAM 128GB Storage Android Smartphone, 6.7-Inch Screen Size, Light Violet- 1 Year Warranty/Local Version","EGP6,835.00",4.2 out of 5 stars,https://m.media-amazon.com/images/G/42/marketing/prime/2022PrimeBrand/Logos/Prime_Logo_RGB_Prime_Blue_MASTER._CB542735200_.png,https://www.amazon.eg/-/en/Samsung-Storage-Smartphone-6-7-Inch-Warranty/dp/B0FR9FQ5JL/ref=sr_1_3?dib=eyJ2IjoiMSJ9.YIyPBr5FXdqssmfFeah6MQa652UgkVliUUeLTpp_ufv3QzlYG_U3XZG2uuZgWeXduQ_n85ztJDiAZteTbz71M1A_PeKuaGZkkZdOQvhUKFPn55UecvFAzFfLRn_lZIG5UQyNPbn9mY8rFsxi9UqCqMFO_dBhNv6gvoPPmR7RCQw5rkMGEDnB882jI1vBwwu5rMF9kzQJCTcpO2qsXre9voognafByx2Z58MME9QglkJ723rJc6C67gSOvRmU9muDDRHjkRHQ4duUb_LS3MQcptqLNRTaBYzkWupDTSn4-OY.6kt96zCwHMXp8DDLdcWZNedL2BkBxyi5ilOh7BKfL3s&dib_tag=se&keywords=samsung+phone+10000&qid=1766094353&sr=8-3,"Processor: • CPU Speed: 2.2GHz, 2GHz • CPU Type: Octa-Core Display: • Size (Main Display): 171.3mm (6.7"") • Resolution (Main Display): 720 x 1600 (HD+) • Technology (Main Display): PLS LCD • Colour Depth (Main Display): 16M Camera: • Rear Camera - Resolution (Multiple): 50.0 MP + 2.0 MP • Rear Camera - F Number (Multiple): F1.8, F2.4 • Rear Camera - Auto Focus: Yes • Rear Camera - OIS: No • Rear Camera Zoom: Digital Zoom up to 10x • Front Camera - Resolution: 8.0 MP • Front Camera - F Number: F2.0 • Front Camera - Auto Focus: No • Front Camera - OIS: No • Rear Camera - Flash: Yes • Front Camera - Flash: No • Video Recording Resolution: FHD (1920 x 1080)@30fps • Slow Motion: 120fps @HD Storage/Memory: • Memory (GB): 6 • Storage (GB): 128 • Available Storage (GB): 109.4 • External Storage Support: MicroSD (Up to 2TB) SIM: • Number of SIM: Dual-SIM • SIM size: Nano-SIM (4FF) • SIM Slot Type: SIM 1 + SIM 2 + MicroSD Network/Bearer: • Infra: 2G GSM, 3G WCDMA, 4G LTE FDD, 4G LTE TDD • 2G GSM: GSM850, GSM900, DCS1800 • 3G UMTS: B1(2100), B5(850), B8(900) • 4G FDD LTE: B1(2100), B3(1800), B5(850), B7(2600), B8(900), B20(800), B28(700) • 4G TDD LTE: B38(2600), B40(2300), B41(2500) Connectivity: • USB Interface: USB Type-C • USB Version: USB 2.0 • Location Technology: GPS, Glonass, Beidou, Galileo, QZSS • Earjack: 3.5mm Stereo • MHL: No • Wi-Fi: 802.11a/b/g/n/ac 2.4GHz+5GHz, VHT80 • Wi-Fi Direct: Yes • Bluetooth Version: Bluetooth v5.3 • PC Sync.: Smart Switch (PC version) OS: • Android General Information: • Form Factor: Touch Bar Sensors: • Accelerometer • Fingerprint Sensor • Light Sensor • Proximity Sensor Physical specification: • Dimension (HxWxD, mm): 167.4 x 77.4 x 7.6 • Weight (g): 184 Battery: • Battery Capacity (mAh, Typical): 5000 • Removable: No Audio and Video: • Stereo Support: No • Video Playing Format: MP4, M4V, 3GP, 3G2, AVI, FLV, MKV, WEBM • Video Playing Resolution: FHD (1920 x 1080)@60fps • Audio Playing Format: MP3, M4A, 3GA, AAC, OGG, OGA, WAV, AMR, AWB, FLAC, MID, MIDI, XMF, MXMF, IMY, RTTTL, RTX, OTA","{""OS"": ""‎Android 14"", ""Package Dimensions"": ""‎17.8 x 8.4 x 2.9 cm; 250 g"", ""Item model number"": ""‎BSM-A075F/1R6D"", ""Special features"": ""‎Dual SIM"", ""Other display features"": ""‎Wireless"", ""Other camera features"": ""‎Front, Rear"", ""Form factor"": ""‎Slate"", ""Color"": ""‎LIGHT VIOLET"", ""Battery Power Rating"": ""‎5000 Milliamp Hours"", ""Whats in the box"": ""‎USB Cable"", ""Item Weight"": ""‎250 g""}",samsung phone 10000
"Samsung Galaxy A26 5G, Android Smartphone, 256GB Storage, 8GB RAM, Black, 50MP Camera, Large Display, Long Battery Life 1 Year Warranty/Local Version","EGP12,799.00",4.4 out of 5 stars,https://m.media-amazon.com/images/G/42/marketing/prime/2022PrimeBrand/Logos/Prime_Logo_RGB_Prime_Blue_MASTER._CB542735200_.png,https://www.amazon.eg/-/en/Samsung-Android-Smartphone-Storage-Warranty/dp/B0DZHNGR82/ref=sr_1_4?dib=eyJ2IjoiMSJ9.YIyPBr5FXdqssmfFeah6MQa652UgkVliUUeLTpp_ufv3QzlYG_U3XZG2uuZgWeXduQ_n85ztJDiAZteTbz71M1A_PeKuaGZkkZdOQvhUKFPn55UecvFAzFfLRn_lZIG5UQyNPbn9mY8rFsxi9UqCqMFO_dBhNv6gvoPPmR7RCQw5rkMGEDnB882jI1vBwwu5rMF9kzQJCTcpO2qsXre9voognafByx2Z58MME9QglkJ723rJc6C67gSOvRmU9muDDRHjkRHQ4duUb_LS3MQcptqLNRTaBYzkWupDTSn4-OY.6kt96zCwHMXp8DDLdcWZNedL2BkBxyi5ilOh7BKfL3s&dib_tag=se&keywords=samsung+phone+10000&qid=1766094353&sr=8-4,"Samsung Galaxy A26 Specs Network Technology: GSM / WCDMA / LTE / 5G 2G, 3G, 4G, and 5G band support (detailed bands listed) Dual SIM (Nano-SIM) Body: Dimensions: 164.0 x 77.5 x 7.7 mm Weight: 200 g Form Factor: Touch Bar Display: Type: Super AMOLED Size: 6.7"" (169.1mm) Resolution: 1080 x 2340 (FHD+) Color Depth: 16M colors Refresh Rate: 120 Hz Platform: OS: Android CPU: Octa-Core (2.4GHz, 2GHz) Storage: 128GB (106.5GB available) RAM: 6GB External Storage: MicroSD (up to 2TB) Main Camera: Triple: 50MP + 8MP + 2MP Features: LED Flash, Auto Focus, OIS F-numbers: F1.8, F2.2, F2.4 Zoom: Digital Zoom up to 10x Video: UHD 4K (3840 x 2160)@30fps, Slow Motion 480fps@HD, 240fps@HD Selfie Camera: 13MP F2.2 No Auto Focus No OIS No Flash Connectivity: Wi-Fi: 802.11 a/b/g/n/ac (2.4GHz + 5GHz) Bluetooth: 5.3 USB: Type-C 2.0 GPS: GPS, Glonass, Beidou, Galileo, QZSS Features: Sensors: Accelerometer, Fingerprint, Gyro, Geomagnetic, Light, Virtual Proximity Smart Switch support Compatible with Galaxy ecosystem devices Battery: Capacity: 5000 mAh Non-removable Video Playback: Up to 17 hours Audio and Video: Audio Formats: MP3, M4A, 3GA, AAC, OGG, OGA, WAV, AMR, AWB, FLAC, MID, MIDI, XMF, MXMF, IMY, RTTTL, RTX, OTA Video Formats: MP4, M4V, 3GP, 3G2, AVI, FLV, MKV, WEBM Video Resolution: UHD 4K (3840 x 2160)@30fps Stereo Support: No Additional Features: Wi-Fi Direct: Yes MHL: No","{""OS"": ""‎android"", ""Product Dimensions"": ""‎7.7 x 7.7 x 16.55 cm; 200 g"", ""Batteries"": ""‎1 A batteries required. (included)"", ""Item model number"": ""‎SM-A266BJ"", ""Connectivity technologies"": ""‎Wi-Fi"", ""GPS"": ""‎True"", ""Other display features"": ""‎Wireless"", ""Human interface input"": ""‎Touchscreen, Touchscreen with Stylus Support"", ""Scanner Resolution"": ""‎1080 x 2400"", ""Audio Jack"": ""‎3.5 mm"", ""Form factor"": ""‎Smartphone"", ""Color"": ""‎Black"", ""Item Weight"": ""‎200 g""}",samsung phone 10000
"Samsung Galaxy A06 Dual Sim 6GB RAM 128GB Storage Android Smartphone, 6.7-Inch Screen Size, Black- 1 Year Warranty/Local Version","EGP6,699.00",4.3 out of 5 stars,https://m.media-amazon.com/images/G/42/marketing/prime/2022PrimeBrand/Logos/Prime_Logo_RGB_Prime_Blue_MASTER._CB542735200_.png,https://www.amazon.eg/-/en/Samsung-Storage-Smartphone-6-7-Inch-Warranty/dp/B0DHHC77F2/ref=sr_1_11?dib=eyJ2IjoiMSJ9.YIyPBr5FXdqssmfFeah6MQa652UgkVliUUeLTpp_ufv3QzlYG_U3XZG2uuZgWeXduQ_n85ztJDiAZteTbz71M1A_PeKuaGZkkZdOQvhUKFPn55UecvFAzFfLRn_lZIG5UQyNPbn9mY8rFsxi9UqCqMFO_dBhNv6gvoPPmR7RCQw5rkMGEDnB882jI1vBwwu5rMF9kzQJCTcpO2qsXre9voognafByx2Z58MME9QglkJ723rJc6C67gSOvRmU9muDDRHjkRHQ4duUb_LS3MQcptqLNRTaBYzkWupDTSn4-OY.6kt96zCwHMXp8DDLdcWZNedL2BkBxyi5ilOh7BKfL3s&dib_tag=se&keywords=samsung+phone+10000&qid=1766094353&sr=8-11,"Processor: CPU Speed: 2GHz, 1.8GHz CPU Type: Octa-Core | CPU Speed: 2GHz, 1.8GHz | CPU Type: Octa-Core | Weight (g): 189 | Processor: CPU Speed: 2GHz, 1.8GHz CPU Type: Octa-Core | CPU Speed: 2GHz, 1.8GHz | CPU Type: Octa-Core | Display: Size (Main Display): 171.3mm (6.7"" full rectangle) / 167.3mm (6.6"" rounded corners) Resolution (Main Display): 720 x 1600 (HD+) Technology (Main Display): PLS LCD Colour Depth (Main Display): 16M | Size (Main Display): 171.3mm (6.7"" full rectangle) / 167.3mm (6.6"" rounded corners) | Resolution (Main Display): 720 x 1600 (HD+) | Technology (Main Display): PLS LCD | Colour Depth (Main Display): 16M | Camera: Rear Camera - Resolution (Multiple): 50.0 MP + 2.0 MP Rear Camera - F Number (Multiple): F1.8, F2.4 Rear Camera - Auto Focus: Yes Rear Camera - OIS: No Rear Camera Zoom: Digital Zoom up to 10x Front Camera - Resolution: 8.0 MP Front Camera - F Number: F2.0 Front Camera - Auto Focus: No Front Camera - OIS: No Rear Camera - Flash: Yes Front Camera - Flash: No Video Recording Resolution: FHD (1920 x 1080)@60fps Slow Motion: 120fps @HD | Rear Camera - Resolution (Multiple): 50.0 MP + 2.0 MP | Rear Camera - F Number (Multiple): F1.8, F2.4 | Rear Camera - Auto Focus: Yes | Rear Camera - OIS: No | Rear Camera Zoom: Digital Zoom up to 10x | Front Camera - Resolution: 8.0 MP | Front Camera - F Number: F2.0 | Front Camera - Auto Focus: No | Front Camera - OIS: No | Rear Camera - Flash: Yes | Front Camera - Flash: No | Video Recording Resolution: FHD (1920 x 1080)@60fps | Slow Motion: 120fps @HD | Storage/Memory: Memory (GB): 6 Storage (GB): 128 Available Storage (GB): 109.4 External Storage Support: MicroSD (Up to 1TB) | Memory (GB): 6 | Storage (GB): 128 | Available Storage (GB): 109.4 | External Storage Support: MicroSD (Up to 1TB) | Network/Bearer: Infra: 2G GSM, 3G WCDMA, 4G LTE FDD, 4G LTE TDD 2G GSM: GSM850, GSM900, DCS1800 3G UMTS: B1(2100), B5(850), B8(900) 4G FDD LTE: B1(2100), B3(1800), B5(850), B7(2600), B8(900), B20(800), B28(700) 4G TDD LTE: B38(2600), B40(2300), B41(2500) | Infra: 2G GSM, 3G WCDMA, 4G LTE FDD, 4G LTE TDD | 2G GSM: GSM850, GSM900, DCS1800 | 3G UMTS: B1(2100), B5(850), B8(900) | 4G FDD LTE: B1(2100), B3(1800), B5(850), B7(2600), B8(900), B20(800), B28(700) | 4G TDD LTE: B38(2600), B40(2300), B41(2500) | Connectivity: USB Interface: USB Type-C USB Version: USB 2.0 Location Technology: GPS, Glonass, Beidou, Galileo Earjack: 3.5mm Stereo MHL: No Wi-Fi: 802.11a/b/g/n/ac 2.4GHz+5GHz, VHT80 Wi-Fi Direct: Yes Bluetooth Version: Bluetooth v5.3 PC Sync.: Smart Switch (PC version) | USB Interface: USB Type-C | USB Version: USB 2.0 | Location Technology: GPS, Glonass, Beidou, Galileo | Earjack: 3.5mm Stereo | MHL: No | Wi-Fi: 802.11a/b/g/n/ac 2.4GHz+5GHz, VHT80 | Wi-Fi Direct: Yes | Bluetooth Version: Bluetooth v5.3 | PC Sync.: Smart Switch (PC version) | OS: Android | General Information: Colour: Light Green Form Factor: Touchscreen Bar | Colour: Light Green | Form Factor: Touchscreen Bar | Sensors: Accelerometer, Fingerprint Sensor, Light Sensor, Proximity Sensor | Physical specification: Dimension (HxWxD, mm): 167.3 x 77.3 x 8.0 Weight (g): 189 | Dimension (HxWxD, mm): 167.3 x 77.3 x 8.0 | Weight (g): 189 | Battery: Battery Capacity (mAh, Typical): 5000 Removable: No | Battery Capacity (mAh, Typical): 5000 | Removable: No | Audio and Video: Stereo Support: No Video Playing Format: MP4, M4V, 3GP, 3G2, AVI, FLV, MKV, WEBM Video Playing Resolution: FHD (1920 x 1080)@60fps Audio Playing Format: MP3, M4A, 3GA, AAC, OGG, OGA, WAV, AMR, AWB, FLAC, MID, MIDI, XMF, MXMF, IMY, RTTTL, RTX, OTA | Stereo Support: No | Video Playing Format: MP4, M4V, 3GP, 3G2, AVI, FLV, MKV, WEBM | Video Playing Resolution: FHD (1920 x 1080)@60fps | Audio Playing Format: MP3, M4A, 3GA, AAC, OGG, OGA, WAV, AMR, AWB, FLAC, MID, MIDI, XMF, MXMF, IMY, RTTTL, RTX, OTA | Services and Applications: Gear Support: Galaxy Ring, Galaxy Buds3 Pro, Galaxy Buds2 Pro, Galaxy Buds Pro, Galaxy Buds Live, Galaxy Buds+, Galaxy Buds3, Galaxy Buds2, Galaxy Buds, Galaxy Buds FE, Galaxy Fit3, Galaxy Fit2, Galaxy Fit e, Galaxy Fit, Galaxy Watch FE, Galaxy Watch Ultra, Galaxy Watch7, Galaxy Watch6, Galaxy Watch5, Galaxy Watch4, Galaxy Watch3, Galaxy Watch, Galaxy Watch Active2, Galaxy Watch Active Samsung DeX Support: No SmartThings Support: Yes Mobile TV: No | Gear Support: Galaxy Ring, Galaxy Buds3 Pro, Galaxy Buds2 Pro, Galaxy Buds Pro, Galaxy Buds Live, Galaxy Buds+, Galaxy Buds3, Galaxy Buds2, Galaxy Buds, Galaxy Buds FE, Galaxy Fit3, Galaxy Fit2, Galaxy Fit e, Galaxy Fit, Galaxy Watch FE, Galaxy Watch Ultra, Galaxy Watch7, Galaxy Watch6, Galaxy Watch5, Galaxy Watch4, Galaxy Watch3, Galaxy Watch, Galaxy Watch Active2, Galaxy Watch Active | Samsung DeX Support: No | SmartThings Support: Yes | Mobile TV: No","{""OS"": ""‎Androide 14"", ""Product Dimensions"": ""‎7.73 x 0.8 x 16.73 cm; 189 g"", ""Batteries"": ""‎1 A batteries required."", ""Item model number"": ""‎SM-A065FLBHMEA"", ""Connectivity technologies"": ""‎4G LTE"", ""GPS"": ""‎True"", ""Special features"": ""‎Dual SIM"", ""Display technology"": ""‎LCD"", ""Other display features"": ""‎Wireless"", ""Human interface input"": ""‎Touchscreen"", ""Scanner Resolution"": ""‎1920 x 1080"", ""Other camera features"": ""‎Front, Rear"", ""Audio Jack"": ""‎USB Type C"", ""Form factor"": ""‎Bar"", ""Color"": ""‎Black"", ""Battery Power Rating"": ""‎5000"", ""Whats in the box"": ""‎Samsung Galaxy A06, USC cable type C, SIM Tray Ejector"", ""Item Weight"": ""‎189 g""}",samsung phone 10000
"Samsung Galaxy S25 FE, 5G, Smartphone, Android, 512GB Storage, 8GB RAM, White, Octa Core, 1.3GHz, 6.7-inch, Full HD, 120Hz-1 Year Warranty/Local Version",EGP 49.00,4.5 out of 5 stars,https://m.media-amazon.com/images/I/41m-nSW3QHL._AC_SY300_SX300_QL70_ML2_.jpg,https://www.amazon.eg/-/en/Samsung-Smartphone-Android-6-7-inch-Warranty/dp/B0FT43W73F/ref=sr_1_16?dib=eyJ2IjoiMSJ9.YIyPBr5FXdqssmfFeah6MQa652UgkVliUUeLTpp_ufv3QzlYG_U3XZG2uuZgWeXduQ_n85ztJDiAZteTbz71M1A_PeKuaGZkkZdOQvhUKFPn55UecvFAzFfLRn_lZIG5UQyNPbn9mY8rFsxi9UqCqMFO_dBhNv6gvoPPmR7RCQw5rkMGEDnB882jI1vBwwu5rMF9kzQJCTcpO2qsXre9voognafByx2Z58MME9QglkJ723rJc6C67gSOvRmU9muDDRHjkRHQ4duUb_LS3MQcptqLNRTaBYzkWupDTSn4-OY.6kt96zCwHMXp8DDLdcWZNedL2BkBxyi5ilOh7BKfL3s&dib_tag=se&keywords=samsung+phone+10000&qid=1766094353&sr=8-16,"Experience the future of mobile technology with the Samsung Galaxy S25 FE. This sophisticated device features a stunning 6.7-inch AMOLED display with Full HD resolution and smooth 120Hz refresh rate, perfect for immersive viewing. The sleek navy design measures just 7.4mm thin and weighs 190g, making it remarkably portable. Powered by an Octa-Core processor and 8GB RAM, it delivers exceptional performance for all your needs. The dual camera system, including a 12MP front camera, utilises AI ProVisual Engine to capture stunning photos with optimised colour and detail. With 256GB storage and 5G capability, you'll have ample space and lightning-fast connectivity. The robust 4900mAh battery supports Type-C fast charging, reaching 65% in just 30 minutes. Additional features include dual SIM functionality, comprehensive sensors (Accelerometer, Gyroscope, Digital compass), and the latest Android operating system. The device showcases advanced AI capabilities that enhance your daily interactions, from content creation to task management. Note that AI features require a Samsung account and may vary by region.","{""OS"": ""‎Android"", ""Package Dimensions"": ""‎18 x 9.4 x 2.9 cm; 400 g"", ""Batteries"": ""‎1 Nonstandard Battery batteries required. (included)"", ""Item model number"": ""‎SM-S731BDBVMEA"", ""Other display features"": ""‎Wireless"", ""Human interface input"": ""‎Touchscreen"", ""Color"": ""‎White"", ""Item Weight"": ""‎400 g""}",samsung phone 10000
"Samsung Galaxy A17 LTE, Android Smartphone, 128GB Storage, 4GB RAM, Black, 6x OS Upgrades, Large Display, 50MP OIS Camera - 1 Year Warranty/Local Version","EGP6,850.00",4.3 out of 5 stars,https://m.media-amazon.com/images/G/42/marketing/prime/2022PrimeBrand/Logos/Prime_Logo_RGB_Prime_Blue_MASTER._CB542735200_.png,https://www.amazon.eg/-/en/Samsung-Android-Smartphone-Storage-Upgrades/dp/B0FNCYB5N1/ref=sr_1_9?dib=eyJ2IjoiMSJ9.YIyPBr5FXdqssmfFeah6MQa652UgkVliUUeLTpp_ufv3QzlYG_U3XZG2uuZgWeXduQ_n85ztJDiAZteTbz71M1A_PeKuaGZkkZdOQvhUKFPn55UecvFAzFfLRn_lZIG5UQyNPbn9mY8rFsxi9UqCqMFO_dBhNv6gvoPPmR7RCQw5rkMGEDnB882jI1vBwwu5rMF9kzQJCTcpO2qsXre9voognafByx2Z58MME9QglkJ723rJc6C67gSOvRmU9muDDRHjkRHQ4duUb_LS3MQcptqLNRTaBYzkWupDTSn4-OY.6kt96zCwHMXp8DDLdcWZNedL2BkBxyi5ilOh7BKfL3s&dib_tag=se&keywords=samsung+phone+10000&qid=1766094353&sr=8-9,"1. Gemini is a trademark of Google LLC. Results for illustrative purposes. Gemini Live feature requires internet connection and Google Account login. Service availability may vary by country, language, device model. Features may differ depending on subscription and results may vary. Compatible with certain features and certain accounts. Currently, you can use a personal Google Account that you manage on your own, or a work or school account for which your administrator has enabled access to Gemini. You must be 13 (or the applicable age in your country) or over to use Gemini with a personal or school Google Account and 18 or over to use Gemini with a work account. 2.Color availability may vary by country, region or carrier. 3.Image simulated for illustrative purposes. 4.Results may vary depending on shooting conditions including multiple subjects, being out of focus, or moving subjects. 5.'2.5× brighter' refers to low-light photo performance compared to the previous model. 6.Galaxy A17 will be supported with six generations of OS upgrades and six years of security updates from the first global launch date. 7.Image simulated for illustrative purposes. 8.The OS upgrade and security update policies specified above are subject to change. 9.Actual product may differ from the image shown. 10.Images simulated for illustrative purposes. 11.Measured diagonally, the screen size is 6.7"" in the full rectangle and 6.5"" accounting for the rounded corners. Actual viewable area is less due to the rounded corners and the camera cutout.","{""OS"": ""‎Android"", ""Package Dimensions"": ""‎17.1 x 8.7 x 3 cm; 260 g"", ""Batteries"": ""‎1 12V batteries required. (included)"", ""Item model number"": ""‎SM-A175FN"", ""Connectivity technologies"": ""‎LTE"", ""GPS"": ""‎True"", ""Other display features"": ""‎Wireless"", ""Human interface input"": ""‎Touchscreen"", ""Scanner Resolution"": ""‎2400 x 1080"", ""Audio Jack"": ""‎No headphone jack"", ""Form factor"": ""‎Bar"", ""Color"": ""‎BLACK"", ""Item Weight"": ""‎260 g""}",samsung phone 10000
"Samsung Galaxy S25 FE, 5G, Smartphone, Android, 512GB Storage, 8GB RAM, Jetblack, Octa Core, 1.3GHz, 6.7-inch, Full HD, 120Hz-1 Year Warranty/Local Version","EGP35,700.00",Previous page,https://m.media-amazon.com/images/G/42/marketing/prime/2022PrimeBrand/Logos/Prime_Logo_RGB_Prime_Blue_MASTER._CB542735200_.png,https://www.amazon.eg/-/en/Samsung-Smartphone-Jetblack-6-7-inch-Warranty/dp/B0FT3Y2KRM/ref=sr_1_21?dib=eyJ2IjoiMSJ9.YIyPBr5FXdqssmfFeah6MQa652UgkVliUUeLTpp_ufv3QzlYG_U3XZG2uuZgWeXduQ_n85ztJDiAZteTbz71M1A_PeKuaGZkkZdOQvhUKFPn55UecvFAzFfLRn_lZIG5UQyNPbn9mY8rFsxi9UqCqMFO_dBhNv6gvoPPmR7RCQw5rkMGEDnB882jI1vBwwu5rMF9kzQJCTcpO2qsXre9voognafByx2Z58MME9QglkJ723rJc6C67gSOvRmU9muDDRHjkRHQ4duUb_LS3MQcptqLNRTaBYzkWupDTSn4-OY.6kt96zCwHMXp8DDLdcWZNedL2BkBxyi5ilOh7BKfL3s&dib_tag=se&keywords=samsung+phone+10000&qid=1766094353&sr=8-21,"Experience the future of mobile technology with the Samsung Galaxy S25 FE. This sophisticated device features a stunning 6.7-inch AMOLED display with Full HD resolution and smooth 120Hz refresh rate, perfect for immersive viewing. The sleek navy design measures just 7.4mm thin and weighs 190g, making it remarkably portable. Powered by an Octa-Core processor and 8GB RAM, it delivers exceptional performance for all your needs. The dual camera system, including a 12MP front camera, utilises AI ProVisual Engine to capture stunning photos with optimised colour and detail. With 256GB storage and 5G capability, you'll have ample space and lightning-fast connectivity. The robust 4900mAh battery supports Type-C fast charging, reaching 65% in just 30 minutes. Additional features include dual SIM functionality, comprehensive sensors (Accelerometer, Gyroscope, Digital compass), and the latest Android operating system. The device showcases advanced AI capabilities that enhance your daily interactions, from content creation to task management. Note that AI features require a Samsung account and may vary by region.","{""OS"": ""‎Android"", ""Package Dimensions"": ""‎12 x 9 x 4 cm; 400 g"", ""Batteries"": ""‎1 Nonstandard Battery batteries required. (included)"", ""Item model number"": ""‎SM-S731BDBVMEA"", ""Connectivity technologies"": ""‎5G"", ""GPS"": ""‎True"", ""Other display features"": ""‎Wireless"", ""Human interface input"": ""‎Touchscreen"", ""Scanner Resolution"": ""‎1920 x 1080"", ""Form factor"": ""‎Bar"", ""Color"": ""‎Jetblack"", ""Item Weight"": ""‎400 g""}",samsung phone 10000
"Motorola Moto G56 Smartphone, 256GB, 12GB RAM, Dual-SIM, Android 14 - Dill Green, 1 Year Warranty","EGP10,599.00",3.0 out of 5 stars,https://m.media-amazon.com/images/G/42/marketing/prime/2022PrimeBrand/Logos/Prime_Logo_RGB_Prime_Blue_MASTER._CB542735200_.png,https://www.amazon.eg/-/en/Motorola-Smartphone-256GB-Dual-SIM-Android/dp/B0FJ4W6KW8/ref=sr_1_18?dib=eyJ2IjoiMSJ9.YIyPBr5FXdqssmfFeah6MQa652UgkVliUUeLTpp_ufv3QzlYG_U3XZG2uuZgWeXduQ_n85ztJDiAZteTbz71M1A_PeKuaGZkkZdOQvhUKFPn55UecvFAzFfLRn_lZIG5UQyNPbn9mY8rFsxi9UqCqMFO_dBhNv6gvoPPmR7RCQw5rkMGEDnB882jI1vBwwu5rMF9kzQJCTcpO2qsXre9voognafByx2Z58MME9QglkJ723rJc6C67gSOvRmU9muDDRHjkRHQ4duUb_LS3MQcptqLNRTaBYzkWupDTSn4-OY.6kt96zCwHMXp8DDLdcWZNedL2BkBxyi5ilOh7BKfL3s&dib_tag=se&keywords=samsung+phone+10000&qid=1766094353&sr=8-18,Motorola Moto G56 DUAL-SIM 256GB ROM + 12GB RAM,"{""OS"": ""‎Android 14"", ""Package Dimensions"": ""‎17.6 x 8.8 x 5.2 cm; 200 g"", ""Item model number"": ""‎PB7Y0068TN"", ""Connectivity technologies"": ""‎5G"", ""GPS"": ""‎True"", ""Other display features"": ""‎Wireless"", ""Scanner Resolution"": ""‎1080 x 2400"", ""Form factor"": ""‎Bar"", ""Color"": ""‎Green"", ""Battery Power Rating"": ""‎5100.0"", ""Whats in the box"": ""‎USB Cable"", ""Item Weight"": ""‎200 g""}",samsung phone 10000
"Samsung Galaxy S25 Ultra AI Phone, 1TB Storage, 12GB RAM, Titanium Black, Android Smartphone, 200MP Camera, S Pen, Long Battery Life, 1 Year Warranty/Local Version","EGP77,100.00",3.9 out of 5 stars,https://m.media-amazon.com/images/G/42/marketing/prime/2022PrimeBrand/Logos/Prime_Logo_RGB_Prime_Blue_MASTER._CB542735200_.png,https://www.amazon.eg/-/en/Samsung-Storage-Titanium-Smartphone-Warranty/dp/B0DSLVQS5R/ref=sr_1_17?dib=eyJ2IjoiMSJ9.YIyPBr5FXdqssmfFeah6MQa652UgkVliUUeLTpp_ufv3QzlYG_U3XZG2uuZgWeXduQ_n85ztJDiAZteTbz71M1A_PeKuaGZkkZdOQvhUKFPn55UecvFAzFfLRn_lZIG5UQyNPbn9mY8rFsxi9UqCqMFO_dBhNv6gvoPPmR7RCQw5rkMGEDnB882jI1vBwwu5rMF9kzQJCTcpO2qsXre9voognafByx2Z58MME9QglkJ723rJc6C67gSOvRmU9muDDRHjkRHQ4duUb_LS3MQcptqLNRTaBYzkWupDTSn4-OY.6kt96zCwHMXp8DDLdcWZNedL2BkBxyi5ilOh7BKfL3s&dib_tag=se&keywords=samsung+phone+10000&qid=1766094353&sr=8-17,"1. Samsung Account login may be required to use certain Samsung AI features. 2. Samsung does not make any promises, assurances or guarantees as to the accuracy, completeness or reliability of the output provided by AI features. 3. Availability of Galaxy AI features may vary depending on the region/country, OS/One UI version, device model, and phone carrier. 4. Galaxy AI features will be provided for free until the end of 2025 on supported Samsung Galaxy devices. Different terms may apply for AI features provided by third parties. 5. Galaxy AI service may be limited for minors in certain regions with age restrictions over AI usage. 6. Titanium is only applied on the device frame. Frame does not include volume and side keys. 7. Compared to previous models. 8. Optical quality zoom is enabled by the Adaptive Pixel sensor. 3x and 5x distances are optical zoom. 2x and 10x distances are optical quality zoom. 9. Compared to Galaxy S24 Ultra. 10. AP performance improvements shown compared to Galaxy S24 Ultra. Actual performance will depend on user environment, conditions and pre-installed software and applications. 11. Based on Samsung internal lab test conditions with pre-release version of given model connected to earphone via Bluetooth under default settings over LTE. Estimated against battery capacity and measured current over battery power consumption during video playback (video file resolution 720p, saved on device), respectively. Actual video playback times vary by network connection, settings, file format, screen brightness, battery condition and many other factors. 12. Some functional widgets may require a network connection and/or Samsung Account login. Availability of functions supported within the apps may vary by country.","{""OS"": ""‎Android"", ""Package Dimensions"": ""‎18.2 x 9.6 x 2.9 cm; 360 g"", ""Batteries"": ""‎1 A batteries required."", ""Item model number"": ""‎SM-S938BZKPMEA"", ""Connectivity technologies"": ""‎5G"", ""GPS"": ""‎True"", ""Other display features"": ""‎Wireless"", ""Scanner Resolution"": ""‎1440 x 2960"", ""Audio Jack"": ""‎USB Type-C"", ""Form factor"": ""‎Slate"", ""Color"": ""‎Titanium Black"", ""Battery Power Rating"": ""‎5000"", ""Whats in the box"": ""‎Samsung Galaxy S25 Ultra, USB Type-C Cable, Sim Ejection Pin, User Manual"", ""Item Weight"": ""‎360 g""}",samsung phone 10000
"Motorola Razr 60 5G DUAL-SIM 256GB ROM, 8GB RAM Smartphone, Gibraltar Sea (blue) - 1 Year Warranty/Local Version","EGP37,999.00",5.0 out of 5 stars,https://m.media-amazon.com/images/G/42/marketing/prime/2022PrimeBrand/Logos/Prime_Logo_RGB_Prime_Blue_MASTER._CB542735200_.png,https://www.amazon.eg/-/en/Motorola-DUAL-SIM-256GB-Smartphone-Gibraltar/dp/B0FJ5VX1MH/ref=sr_1_20?dib=eyJ2IjoiMSJ9.YIyPBr5FXdqssmfFeah6MQa652UgkVliUUeLTpp_ufv3QzlYG_U3XZG2uuZgWeXduQ_n85ztJDiAZteTbz71M1A_PeKuaGZkkZdOQvhUKFPn55UecvFAzFfLRn_lZIG5UQyNPbn9mY8rFsxi9UqCqMFO_dBhNv6gvoPPmR7RCQw5rkMGEDnB882jI1vBwwu5rMF9kzQJCTcpO2qsXre9voognafByx2Z58MME9QglkJ723rJc6C67gSOvRmU9muDDRHjkRHQ4duUb_LS3MQcptqLNRTaBYzkWupDTSn4-OY.6kt96zCwHMXp8DDLdcWZNedL2BkBxyi5ilOh7BKfL3s&dib_tag=se&keywords=samsung+phone+10000&qid=1766094353&sr=8-20,Motorola Razr 60 DUAL-SIM 256GB ROM + 8GB RAM,"{""OS"": ""‎Android 15"", ""Package Dimensions"": ""‎18.6 x 9.2 x 5.7 cm; 200 g"", ""Item model number"": ""‎PB9C0006TN"", ""Connectivity technologies"": ""‎5G"", ""GPS"": ""‎False"", ""Display technology"": ""‎LCD"", ""Other display features"": ""‎Wireless"", ""Form factor"": ""‎Bar"", ""Color"": ""‎Gray Mist"", ""Battery Power Rating"": ""‎5200"", ""Whats in the box"": ""‎USB Cable"", ""Item Weight"": ""‎200 g""}",samsung phone 10000
"Samsung Galaxy Z Flip7, AI Phone, Blue Shade, 512GB storage, 12GB Memory, 50MP Camera for Selfie, 3nm Processor, 4300mAh Battery (Samsung Turkey Guaranteed)","EGP59,990.00",4.4 out of 5 stars,https://m.media-amazon.com/images/G/42/marketing/prime/2022PrimeBrand/Logos/Prime_Logo_RGB_Prime_Blue_MASTER._CB542735200_.png,https://www.amazon.eg/-/en/Samsung-storage-Processor-4300mAh-Guaranteed/dp/B0FGQN2244/ref=sr_1_19?dib=eyJ2IjoiMSJ9.YIyPBr5FXdqssmfFeah6MQa652UgkVliUUeLTpp_ufv3QzlYG_U3XZG2uuZgWeXduQ_n85ztJDiAZteTbz71M1A_PeKuaGZkkZdOQvhUKFPn55UecvFAzFfLRn_lZIG5UQyNPbn9mY8rFsxi9UqCqMFO_dBhNv6gvoPPmR7RCQw5rkMGEDnB882jI1vBwwu5rMF9kzQJCTcpO2qsXre9voognafByx2Z58MME9QglkJ723rJc6C67gSOvRmU9muDDRHjkRHQ4duUb_LS3MQcptqLNRTaBYzkWupDTSn4-OY.6kt96zCwHMXp8DDLdcWZNedL2BkBxyi5ilOh7BKfL3s&dib_tag=se&keywords=samsung+phone+10000&qid=1766094353&sr=8-19,"Compared to previous Galaxy Z Flip models. Results may vary depending on light status, shooting conditions such as multiple subjects, out-of-focus or moving subjects. 50 MP resolution is only available on the back camera of the Galaxy Z Flip7. The Galaxy Z Flip7 has a brightness of 2600 nits on the home screen and cover screen. Displays automatically adjust the brightness level according to the environment. Battery life varies based on mains media, features used, apps, call and message frequency, number of charges. The rated battery capacity for the Galaxy Z Flip7 is 4174 mAh. Using AI features requires logging in with Samsung Account. The availability of Galaxy AI features depends on region, country, operating system version, device model, and phone carrier. Some functional widgets require a network connection and sign-in with the Samsung Account. Availability of supported functions in apps may vary by country. Weather Wallpaper feature requires a network connection to retrieve weather data.","{""OS"": ""‎Android"", ""Package Dimensions"": ""‎18.5 x 9.5 x 2.9 cm; 330 g"", ""Connectivity technologies"": ""‎5G"", ""GPS"": ""‎True"", ""Other display features"": ""‎Wireless"", ""Scanner Resolution"": ""‎1920 x 1080"", ""Form factor"": ""‎Slate"", ""Color"": ""‎Blue Shade"", ""Battery Power Rating"": ""‎4300"", ""Phone Talk Time"": ""‎31 Hours"", ""Whats in the box"": ""‎Galaxy Z Flip7, User Manual, Type-C USB Cable, Sim Card Decal Pin"", ""Item Weight"": ""‎330 g""}",samsung phone 10000
"SAMSUNG Galaxy Z Fold6, AI Phone, 12GB RAM, 512GB Storage, Silver Shadow, Android Smartphone, 50MP Camera, Big Screen, Multi-tasking, S Pen, Long Battery Life, UAE Version","EGP83,950.00",3.3 out of 5 stars,https://m.media-amazon.com/images/G/42/marketing/prime/2022PrimeBrand/Logos/Prime_Logo_RGB_Prime_Blue_MASTER._CB542735200_.png,https://www.amazon.eg/-/en/SAMSUNG-Storage-Android-Smartphone-Multi-tasking/dp/B0D8L7LRLC/ref=sr_1_24?dib=eyJ2IjoiMSJ9.YIyPBr5FXdqssmfFeah6MQa652UgkVliUUeLTpp_ufv3QzlYG_U3XZG2uuZgWeXduQ_n85ztJDiAZteTbz71M1A_PeKuaGZkkZdOQvhUKFPn55UecvFAzFfLRn_lZIG5UQyNPbn9mY8rFsxi9UqCqMFO_dBhNv6gvoPPmR7RCQw5rkMGEDnB882jI1vBwwu5rMF9kzQJCTcpO2qsXre9voognafByx2Z58MME9QglkJ723rJc6C67gSOvRmU9muDDRHjkRHQ4duUb_LS3MQcptqLNRTaBYzkWupDTSn4-OY.6kt96zCwHMXp8DDLdcWZNedL2BkBxyi5ilOh7BKfL3s&dib_tag=se&keywords=samsung+phone+10000&qid=1766094353&sr=8-24,"Samsung Galaxy Z Fold6, AI Phone, 12GB RAM, 512GB Storage, Silver Shadow, Android Smartphone, 50MP Camera, Big Screen, Multi-tasking, S Pen, Long Battery Life (UAE Version)","{""OS"": ""‎Android"", ""Product Dimensions"": ""‎0.56 x 13.26 x 15.35 cm; 410 g"", ""Item model number"": ""‎SM-F956BG"", ""Wireless communication technologies"": ""‎BluetoothWi Fi"", ""Connectivity technologies"": ""‎5G, 4G, 3G, 2G"", ""GPS"": ""‎True"", ""Special features"": ""‎Fold-out Screen, AI Capabilities, Powerful Gaming Performance, Long Battery Life, Upgraded Camera System, Flexible Hinge"", ""Other display features"": ""‎Wireless"", ""Human interface input"": ""‎Touchscreen with Stylus Support"", ""Scanner Resolution"": ""‎2048 x 1536"", ""Other camera features"": ""‎Front, Rear"", ""Audio Jack"": ""‎3.5 mm"", ""Form factor"": ""‎Foldable Screen"", ""Color"": ""‎Silver Shadow"", ""Battery Power Rating"": ""‎4400"", ""Whats in the box"": ""‎Samsung Galaxy Z Fold6, USB Type-C Cable, Sim Ejection Pin, User Manual"", ""Item Weight"": ""‎410 g""}",samsung phone 10000
"Motorola Moto g85 5G 12GB RAM 256GB UFS Android 14 pOLED Smartphone, Olive Green, 2 years Warranty (Pack include charger and cover)","EGP12,750.00",4.5 out of 5 stars,https://m.media-amazon.com/images/G/42/marketing/prime/2022PrimeBrand/Logos/Prime_Logo_RGB_Prime_Blue_MASTER._CB542735200_.png,https://www.amazon.eg/-/en/Motorola-Android-Smartphone-Warranty-include/dp/B0DLTBG6F2/ref=sr_1_23?dib=eyJ2IjoiMSJ9.YIyPBr5FXdqssmfFeah6MQa652UgkVliUUeLTpp_ufv3QzlYG_U3XZG2uuZgWeXduQ_n85ztJDiAZteTbz71M1A_PeKuaGZkkZdOQvhUKFPn55UecvFAzFfLRn_lZIG5UQyNPbn9mY8rFsxi9UqCqMFO_dBhNv6gvoPPmR7RCQw5rkMGEDnB882jI1vBwwu5rMF9kzQJCTcpO2qsXre9voognafByx2Z58MME9QglkJ723rJc6C67gSOvRmU9muDDRHjkRHQ4duUb_LS3MQcptqLNRTaBYzkWupDTSn4-OY.6kt96zCwHMXp8DDLdcWZNedL2BkBxyi5ilOh7BKfL3s&dib_tag=se&keywords=samsung+phone+10000&qid=1766094353&sr=8-23,"Meticulously crafted with sleek curves, moto g85 5G is the first moto g with an endless edge design. Embrace everyday comfort with a curved display and rear inlay, which blends seamlessly with the contoured sides and premium finishes. Plus, a thin, lightweight frame makes it easy to take moto g85 5G everywhere you want to go.","{""OS"": ""‎Android 14"", ""Product Dimensions"": ""‎16.19 x 7.3 x 0.76 cm; 173 g"", ""Item model number"": ""‎0840023263682"", ""Connectivity technologies"": ""‎Bluetooth, GPS, GLONASS, GALILEO, NFC, USB Type-C port, Wi-Fi"", ""GPS"": ""‎True"", ""Special features"": ""‎Dual SIM, Fast Charging Support, Hello UI with Moto Gestures, Stereo Speakers, Water repellent design"", ""Other display features"": ""‎Wireless"", ""Human interface input"": ""‎Touchscreen"", ""Scanner Resolution"": ""‎2400 x 1080"", ""Other camera features"": ""‎50 MP Primary Camera, 8 MP Ultra-Wide Camera"", ""Audio Jack"": ""‎No headphone jack"", ""Form factor"": ""‎Bar"", ""Color"": ""‎Olive Green"", ""Battery Power Rating"": ""‎5000"", ""Whats in the box"": ""‎Charger, Cover, USB Cable"", ""Item Weight"": ""‎173 g""}",samsung phone 10000
"Samsung Galaxy Z Flip7, Al Phone, Jetblack, 512GB Storage, 12GB Memory,50MP Camera for Selfie, 3nm Processor, 4300mAh Battery Amazon Exclusive (UAE Version)","EGP59,990.00",Previous page,https://m.media-amazon.com/images/G/42/marketing/prime/2022PrimeBrand/Logos/Prime_Logo_RGB_Prime_Blue_MASTER._CB542735200_.png,https://www.amazon.eg/-/en/Samsung-Jetblack-Storage-Processor-Exclusive/dp/B0FGPFZBFX/ref=sr_1_26?dib=eyJ2IjoiMSJ9.YIyPBr5FXdqssmfFeah6MQa652UgkVliUUeLTpp_ufv3QzlYG_U3XZG2uuZgWeXduQ_n85ztJDiAZteTbz71M1A_PeKuaGZkkZdOQvhUKFPn55UecvFAzFfLRn_lZIG5UQyNPbn9mY8rFsxi9UqCqMFO_dBhNv6gvoPPmR7RCQw5rkMGEDnB882jI1vBwwu5rMF9kzQJCTcpO2qsXre9voognafByx2Z58MME9QglkJ723rJc6C67gSOvRmU9muDDRHjkRHQ4duUb_LS3MQcptqLNRTaBYzkWupDTSn4-OY.6kt96zCwHMXp8DDLdcWZNedL2BkBxyi5ilOh7BKfL3s&dib_tag=se&keywords=samsung+phone+10000&qid=1766094353&sr=8-26,"Exclusive 12 Months Extended Manufacturer Warranty | DESIGN: How is Galaxy Z Flip7's design different than before? Galaxy Z Flip7's redesigned cover screen features our slimmest bezel yet, enabling you to do more from FlexWindow than ever before. The stunning main screen also offers an undisrupted viewing experience. Plus, unfolded, it's our thinnest Flip ever. | CAMERA: Has Galaxy Z Flip7's camera improved? The high-resolution 50 MP camera is now boosted by our next-gen ProVisual Engine to deliver rich and detailed shots with more accurate skin tones and textures. You can apply custom filters based on AI learning direct from the cover screen to add finishing touches. | DISPLAY: What improvements have been made to Galaxy Z Flip7's display? With FlexWindow's up to 120 Hz refresh rates and peak brightness of 2600 nits, scrolling is easy on your eyes even outdoors. Plus, our improved Vision Booster enhances the color and contrast so you can see every detail clearly. | BATTERY: How long does the battery last on Galaxy Z Flip7? Our larger 4300 mAh battery and mDNIe technology have been optimized by our powerful processor to offer all-day use, so this Flip is ready for hours of uninterrupted entertainment — up to 31 hours of video playback time. | GALAXY AI: What are the Galaxy AI features on Galaxy Z Flip7? Pocket-perfect AI, Galaxy Z Flip7 expands your world. Ask for advice and get information in real time, receive personalized rundowns and tailored insights for your day and more. | ONE UI: Which version of One UI comes with Galaxy Z Flip7? Introducing One UI 8, all new for Flip with customizable wallpaper and interactive weather and gallery widgets. Our best, most personalized UI was built from the ground up for the both the main screen and cover screen.","{""OS"": ""‎Android"", ""Package Dimensions"": ""‎18.9 x 9.4 x 2.9 cm; 340 g"", ""Item model number"": ""‎SM-F766BZKEMEA + P-GT-1CXXS0FZ"", ""Connectivity technologies"": ""‎Bluetooth, NFC, Wi-Fi"", ""GPS"": ""‎True"", ""Other display features"": ""‎Wireless"", ""Scanner Resolution"": ""‎1920 x 1080"", ""Form factor"": ""‎Flip"", ""Color"": ""‎Jetblack"", ""Item Weight"": ""‎340 g""}",samsung phone 10000
"MOTOROLA Edge 50 Fusion Dual Sim 5G, 12GB RAM, 512GB ROM, Android 14, Marshmallow Blue","EGP14,999.00",4.0 out of 5 stars,https://m.media-amazon.com/images/G/42/marketing/prime/2022PrimeBrand/Logos/Prime_Logo_RGB_Prime_Blue_MASTER._CB542735200_.png,https://www.amazon.eg/-/en/MOTOROLA-Fusion-512GB-Android-Marshmallow/dp/B0D3V9NHGH/ref=sr_1_25?dib=eyJ2IjoiMSJ9.YIyPBr5FXdqssmfFeah6MQa652UgkVliUUeLTpp_ufv3QzlYG_U3XZG2uuZgWeXduQ_n85ztJDiAZteTbz71M1A_PeKuaGZkkZdOQvhUKFPn55UecvFAzFfLRn_lZIG5UQyNPbn9mY8rFsxi9UqCqMFO_dBhNv6gvoPPmR7RCQw5rkMGEDnB882jI1vBwwu5rMF9kzQJCTcpO2qsXre9voognafByx2Z58MME9QglkJ723rJc6C67gSOvRmU9muDDRHjkRHQ4duUb_LS3MQcptqLNRTaBYzkWupDTSn4-OY.6kt96zCwHMXp8DDLdcWZNedL2BkBxyi5ilOh7BKfL3s&dib_tag=se&keywords=samsung+phone+10000&qid=1766094353&sr=8-25,"MOTOROLA Edge 50 Fusion 5G, 12GB RAM, 512GB ROM, Snapdragon 7 Gen 2, 50MP OIS LYTIA Sensor, 6.7"" 144 Hz pOLED Display, IP68, 5000mAh, Android 14, Marshmallow Blue","{""OS"": ""‎Android 14"", ""RAM"": ""‎12 GB"", ""Product Dimensions"": ""‎16.19 x 7.31 x 0.78 cm; 175 g"", ""Batteries"": ""‎1 Lithium Polymer batteries required. (included)"", ""Item model number"": ""‎XT2429-2"", ""Wireless communication technologies"": ""‎Cellular"", ""Connectivity technologies"": ""‎GSM, LTE"", ""GPS"": ""‎True"", ""Special features"": ""‎Fast Charging Support, Stereo Speakers, Water Resistant"", ""Other display features"": ""‎Wireless"", ""Human interface input"": ""‎Buttons, Microphone, Touchscreen"", ""Scanner Resolution"": ""‎2408 x 1080"", ""Other camera features"": ""‎Front, Rear"", ""Audio Jack"": ""‎No headphone jack"", ""Form factor"": ""‎Bar"", ""Color"": ""‎Blue"", ""Battery Power Rating"": ""‎5000"", ""Whats in the box"": ""‎Power Adapter, SIM Tray Ejector, USB Cable"", ""Item Weight"": ""‎175 g""}",samsung phone 10000
"Motorola Moto G56 Smartphone, 256GB, 12GB RAM, Dual-SIM, Android 14 - Black Oyster, 1 Year Warranty","EGP10,599.00",Previous page,https://m.media-amazon.com/images/G/42/marketing/prime/2022PrimeBrand/Logos/Prime_Logo_RGB_Prime_Blue_MASTER._CB542735200_.png,https://www.amazon.eg/-/en/Motorola-Smartphone-256GB-Dual-SIM-Android/dp/B0FJ4VZSJ1/ref=sr_1_22?dib=eyJ2IjoiMSJ9.YIyPBr5FXdqssmfFeah6MQa652UgkVliUUeLTpp_ufv3QzlYG_U3XZG2uuZgWeXduQ_n85ztJDiAZteTbz71M1A_PeKuaGZkkZdOQvhUKFPn55UecvFAzFfLRn_lZIG5UQyNPbn9mY8rFsxi9UqCqMFO_dBhNv6gvoPPmR7RCQw5rkMGEDnB882jI1vBwwu5rMF9kzQJCTcpO2qsXre9voognafByx2Z58MME9QglkJ723rJc6C67gSOvRmU9muDDRHjkRHQ4duUb_LS3MQcptqLNRTaBYzkWupDTSn4-OY.6kt96zCwHMXp8DDLdcWZNedL2BkBxyi5ilOh7BKfL3s&dib_tag=se&keywords=samsung+phone+10000&qid=1766094353&sr=8-22,Motorola Moto G56 DUAL-SIM 256GB ROM + 12GB RAM,"{""OS"": ""‎Android 14"", ""Package Dimensions"": ""‎17.4 x 8.8 x 5.2 cm; 200 g"", ""Item model number"": ""‎PB7Y0068TN"", ""Connectivity technologies"": ""‎5G"", ""GPS"": ""‎True"", ""Display technology"": ""‎LCD"", ""Other display features"": ""‎Wireless"", ""Scanner Resolution"": ""‎1080 x 2400"", ""Form factor"": ""‎Bar"", ""Color"": ""‎Gray Mist"", ""Battery Power Rating"": ""‎5100.0"", ""Whats in the box"": ""‎USB Cable"", ""Item Weight"": ""‎200 g""}",samsung phone 10000
"Motorola Edge 60 Fusion Moto AI Smartphone, 6.67"" Super HD Display, 50MP Camera, 12GB RAM, 256GB, Android 15 - Pantone Zephyr, 2 Years Warranty","EGP17,599.00",4.3 out of 5 stars,https://m.media-amazon.com/images/G/42/marketing/prime/2022PrimeBrand/Logos/Prime_Logo_RGB_Prime_Blue_MASTER._CB542735200_.png,https://www.amazon.eg/-/en/Motorola-Fusion-Smartphone-Display-Android/dp/B0DYP621DT/ref=sr_1_28?dib=eyJ2IjoiMSJ9.YIyPBr5FXdqssmfFeah6MQa652UgkVliUUeLTpp_ufv3QzlYG_U3XZG2uuZgWeXduQ_n85ztJDiAZteTbz71M1A_PeKuaGZkkZdOQvhUKFPn55UecvFAzFfLRn_lZIG5UQyNPbn9mY8rFsxi9UqCqMFO_dBhNv6gvoPPmR7RCQw5rkMGEDnB882jI1vBwwu5rMF9kzQJCTcpO2qsXre9voognafByx2Z58MME9QglkJ723rJc6C67gSOvRmU9muDDRHjkRHQ4duUb_LS3MQcptqLNRTaBYzkWupDTSn4-OY.6kt96zCwHMXp8DDLdcWZNedL2BkBxyi5ilOh7BKfL3s&dib_tag=se&keywords=samsung+phone+10000&qid=1766094353&sr=8-28,"Motorola Edge 60 Fusion Smartphone (6.67"" Super HD Display, 50MP Camera with Moto AI 12/256GB, 5200mAh, Android 15) Pantone Zephyr (Pink)","{""OS"": ""‎android"", ""Product Dimensions"": ""‎16.1 x 7.3 x 0.79 cm; 177.5 g"", ""Item model number"": ""‎PB7EOO41SE"", ""Connectivity technologies"": ""‎Bluetooth, NFC, USB, Wi-Fi"", ""GPS"": ""‎True"", ""Special features"": ""‎Dual SIM, Fast Charging Support, Fingerprint Sensor, Mobile Hotspot Capability, Stereo Speakers"", ""Other display features"": ""‎Wireless"", ""Human interface input"": ""‎Touchscreen"", ""Scanner Resolution"": ""‎2712 x 1220"", ""Other camera features"": ""‎Front, Rear"", ""Audio Jack"": ""‎No 3.5 mm jack connection"", ""Form factor"": ""‎Bar"", ""Color"": ""‎Zephyr"", ""Battery Power Rating"": ""‎5100"", ""Whats in the box"": ""‎Protective cover, Quick Start Guide, SIM Toolkit, USB Cable"", ""Item Weight"": ""‎178 g""}",samsung phone 10000
"Samsung Galaxy S25 Ultra AI Phone, 1TB Storage, 12GB RAM, Titanium Whitesilver, Android Smartphone, 200MP Camera, S Pen, Long Battery Life, 1 Year Warranty/Local Version","EGP84,692.99",3.1 out of 5 stars,https://m.media-amazon.com/images/G/42/marketing/prime/2022PrimeBrand/Logos/Prime_Logo_RGB_Prime_Blue_MASTER._CB542735200_.png,https://www.amazon.eg/-/en/Samsung-Titanium-Whitesilver-Smartphone-Warranty/dp/B0DSLVT8S9/ref=sr_1_31?dib=eyJ2IjoiMSJ9.YIyPBr5FXdqssmfFeah6MQa652UgkVliUUeLTpp_ufv3QzlYG_U3XZG2uuZgWeXduQ_n85ztJDiAZteTbz71M1A_PeKuaGZkkZdOQvhUKFPn55UecvFAzFfLRn_lZIG5UQyNPbn9mY8rFsxi9UqCqMFO_dBhNv6gvoPPmR7RCQw5rkMGEDnB882jI1vBwwu5rMF9kzQJCTcpO2qsXre9voognafByx2Z58MME9QglkJ723rJc6C67gSOvRmU9muDDRHjkRHQ4duUb_LS3MQcptqLNRTaBYzkWupDTSn4-OY.6kt96zCwHMXp8DDLdcWZNedL2BkBxyi5ilOh7BKfL3s&dib_tag=se&keywords=samsung+phone+10000&qid=1766094353&sr=8-31,"1. Samsung Account login may be required to use certain Samsung AI features. 2. Samsung does not make any promises, assurances or guarantees as to the accuracy, completeness or reliability of the output provided by AI features. 3. Availability of Galaxy AI features may vary depending on the region/country, OS/One UI version, device model, and phone carrier. 4. Galaxy AI features will be provided for free until the end of 2025 on supported Samsung Galaxy devices. Different terms may apply for AI features provided by third parties. 5. Galaxy AI service may be limited for minors in certain regions with age restrictions over AI usage. 6. Titanium is only applied on the device frame. Frame does not include volume and side keys. 7. Compared to previous models. 8. Optical quality zoom is enabled by the Adaptive Pixel sensor. 3x and 5x distances are optical zoom. 2x and 10x distances are optical quality zoom. 9. Compared to Galaxy S24 Ultra. 10. AP performance improvements shown compared to Galaxy S24 Ultra. Actual performance will depend on user environment, conditions and pre-installed software and applications. 11. Based on Samsung internal lab test conditions with pre-release version of given model connected to earphone via Bluetooth under default settings over LTE. Estimated against battery capacity and measured current over battery power consumption during video playback (video file resolution 720p, saved on device), respectively. Actual video playback times vary by network connection, settings, file format, screen brightness, battery condition and many other factors. 12. Some functional widgets may require a network connection and/or Samsung Account login. Availability of functions supported within the apps may vary by country.","{""OS"": ""‎Android"", ""Package Dimensions"": ""‎18.2 x 9.6 x 2.8 cm; 360 g"", ""Item model number"": ""‎SM-S938BZSPMEAAMZ"", ""GPS"": ""‎True"", ""Other display features"": ""‎Wireless"", ""Human interface input"": ""‎Touchscreen"", ""Scanner Resolution"": ""‎1440 x 2960"", ""Audio Jack"": ""‎USB Type C"", ""Form factor"": ""‎Slate"", ""Color"": ""‎Titanium Whitesilver"", ""Battery Power Rating"": ""‎5000"", ""Whats in the box"": ""‎Samsung Galaxy S25 Ultra, USB Type-C Cable, Sim Ejection Pin, User Manual"", ""Item Weight"": ""‎360 g""}",samsung phone 10000
"Samsung Galaxy S25 Ultra AI Phone, 1TB Storage, 12GB RAM, Titanium Gray, Android Smartphone, 200MP Camera, S Pen, Long Battery Life, 1 Year Warranty/Local Version","EGP84,692.99",3.8 out of 5 stars,https://m.media-amazon.com/images/G/42/marketing/prime/2022PrimeBrand/Logos/Prime_Logo_RGB_Prime_Blue_MASTER._CB542735200_.png,https://www.amazon.eg/-/en/Samsung-Storage-Titanium-Smartphone-Warranty/dp/B0DSLT3CVB/ref=sr_1_30?dib=eyJ2IjoiMSJ9.YIyPBr5FXdqssmfFeah6MQa652UgkVliUUeLTpp_ufv3QzlYG_U3XZG2uuZgWeXduQ_n85ztJDiAZteTbz71M1A_PeKuaGZkkZdOQvhUKFPn55UecvFAzFfLRn_lZIG5UQyNPbn9mY8rFsxi9UqCqMFO_dBhNv6gvoPPmR7RCQw5rkMGEDnB882jI1vBwwu5rMF9kzQJCTcpO2qsXre9voognafByx2Z58MME9QglkJ723rJc6C67gSOvRmU9muDDRHjkRHQ4duUb_LS3MQcptqLNRTaBYzkWupDTSn4-OY.6kt96zCwHMXp8DDLdcWZNedL2BkBxyi5ilOh7BKfL3s&dib_tag=se&keywords=samsung+phone+10000&qid=1766094353&sr=8-30,"1. Samsung Account login may be required to use certain Samsung AI features. 2. Samsung does not make any promises, assurances or guarantees as to the accuracy, completeness or reliability of the output provided by AI features. 3. Availability of Galaxy AI features may vary depending on the region/country, OS/One UI version, device model, and phone carrier. 4. Galaxy AI features will be provided for free until the end of 2025 on supported Samsung Galaxy devices. Different terms may apply for AI features provided by third parties. 5. Galaxy AI service may be limited for minors in certain regions with age restrictions over AI usage. 6. Titanium is only applied on the device frame. Frame does not include volume and side keys. 7. Compared to previous models. 8. Optical quality zoom is enabled by the Adaptive Pixel sensor. 3x and 5x distances are optical zoom. 2x and 10x distances are optical quality zoom. 9. Compared to Galaxy S24 Ultra. 10. AP performance improvements shown compared to Galaxy S24 Ultra. Actual performance will depend on user environment, conditions and pre-installed software and applications. 11. Based on Samsung internal lab test conditions with pre-release version of given model connected to earphone via Bluetooth under default settings over LTE. Estimated against battery capacity and measured current over battery power consumption during video playback (video file resolution 720p, saved on device), respectively. Actual video playback times vary by network connection, settings, file format, screen brightness, battery condition and many other factors. 12. Some functional widgets may require a network connection and/or Samsung Account login. Availability of functions supported within the apps may vary by country.","{""OS"": ""‎Android"", ""Package Dimensions"": ""‎18.1 x 9.6 x 2.9 cm; 360 g"", ""Batteries"": ""‎1 A batteries required. (included)"", ""Item model number"": ""‎SM-S938BZTPMEA"", ""Connectivity technologies"": ""‎5G"", ""GPS"": ""‎True"", ""Other display features"": ""‎Wireless"", ""Scanner Resolution"": ""‎1440 x 2960"", ""Audio Jack"": ""‎No headphone jack"", ""Form factor"": ""‎Slate"", ""Color"": ""‎Titanium Gray"", ""Battery Power Rating"": ""‎5000"", ""Whats in the box"": ""‎Samsung Galaxy S25 Ultra, USB Type-C Cable, Sim Ejection Pin, User Manual"", ""Item Weight"": ""‎360 g""}",samsung phone 10000
"Motorola Moto Edge 60 PRO 512GB, 12GB, Shadow Green, 1 Year Warranty","EGP24,399.00",5.0 out of 5 stars,https://m.media-amazon.com/images/G/42/marketing/prime/2022PrimeBrand/Logos/Prime_Logo_RGB_Prime_Blue_MASTER._CB542735200_.png,https://www.amazon.eg/-/en/Motorola-Edge-60-Shadow-Warranty/dp/B0FX5J5Y4R/ref=sr_1_27?dib=eyJ2IjoiMSJ9.YIyPBr5FXdqssmfFeah6MQa652UgkVliUUeLTpp_ufv3QzlYG_U3XZG2uuZgWeXduQ_n85ztJDiAZteTbz71M1A_PeKuaGZkkZdOQvhUKFPn55UecvFAzFfLRn_lZIG5UQyNPbn9mY8rFsxi9UqCqMFO_dBhNv6gvoPPmR7RCQw5rkMGEDnB882jI1vBwwu5rMF9kzQJCTcpO2qsXre9voognafByx2Z58MME9QglkJ723rJc6C67gSOvRmU9muDDRHjkRHQ4duUb_LS3MQcptqLNRTaBYzkWupDTSn4-OY.6kt96zCwHMXp8DDLdcWZNedL2BkBxyi5ilOh7BKfL3s&dib_tag=se&keywords=samsung+phone+10000&qid=1766094353&sr=8-27,"Motorola Moto Edge 60 PRO 512GB, 12GB, Shadow Green","{""OS"": ""‎Android"", ""Package Dimensions"": ""‎16.7 x 8.2 x 5.9 cm; 392 g"", ""Item model number"": ""‎Edge 60 Pro"", ""Connectivity technologies"": ""‎5G"", ""GPS"": ""‎False"", ""Other display features"": ""‎Wireless"", ""Scanner Resolution"": ""‎1220 x 720"", ""Audio Jack"": ""‎No headphone jack"", ""Form factor"": ""‎Slate"", ""Color"": ""‎Shadow Green"", ""Battery Power Rating"": ""‎6000"", ""Whats in the box"": ""‎USB Cable"", ""Item Weight"": ""‎392 g""}",samsung phone 10000
